,Source,Text,Date,Compound Score,Positive Score,Neutral Score,Negative Score
0,BBC,? Who actually watched the #Oscars? https://t.co/opThFzy37n,Mon Mar 05 19:30:07 +0000 2018,0.0,0.0,1.0,0.0
1,BBC,"No meat. No fish. No eggs. No milk. No cheese. How hard is it to go vegan for a month? 

??? Nesta McGregor investi… https://t.co/1UBRGqIOp6",Mon Mar 05 18:38:04 +0000 2018,-0.8555,0.0,0.592,0.408
2,BBC,"Like father, like daughter.

?? @GordonRamsay's daughter has already mastered the art of the roast. https://t.co/0dqwntX5uj",Mon Mar 05 17:23:22 +0000 2018,0.6124,0.263,0.737,0.0
3,BBC,RT @BBCFOUR: The little mouse that inspired Pikachu is actually... a rabbit. https://t.co/mHCFFXczka,Mon Mar 05 17:15:34 +0000 2018,0.4472,0.211,0.789,0.0
4,BBC,"""I made a promise to our six-year-old lead actress that I would sign this speech. My hands are shaking a little bit… https://t.co/HgFpUtHDTB",Mon Mar 05 17:00:31 +0000 2018,0.1531,0.105,0.818,0.077
5,BBC,"RT @BBCRadio4: As it's Hexagonal Phase approaches, a brief history of the Hitchhiker's Guide: https://t.co/Ehp9AfMyn8 #h2g2 https://t.co/9F…",Mon Mar 05 14:48:43 +0000 2018,0.0,0.0,1.0,0.0
6,BBC,RT @BBCFOUR: How did Julius Caesar hide his bald patch? https://t.co/SME5Dfwifj,Mon Mar 05 14:43:13 +0000 2018,-0.1779,0.0,0.855,0.145
7,BBC,"RT @BBC_Teach: Thursday is #InternationalWomensDay

Reflecting on The Representation of the People Act with your class? @gemcairn traces th…",Mon Mar 05 14:42:36 +0000 2018,0.0,0.0,1.0,0.0
8,BBC,"RT @bbc5live: When you almost (accidentally) kill @Harry_Styles on the set of Dunkirk… ?

 #Oscars https://t.co/G127l5yPkY",Mon Mar 05 14:11:28 +0000 2018,-0.6621,0.0,0.76,0.24
9,BBC,"RT @cbbc: Which football clubs charge the most for their pies? Take the imPIErative quiz here ??? ? https://t.co/xlSch4HVvl

#BritishPieWee…",Mon Mar 05 14:07:00 +0000 2018,0.0,0.0,1.0,0.0
10,BBC,"?? Little Ivor the Staffordshire puppy is deaf, but since learning sign language his life has changed for the bette… https://t.co/vL83oBTAIL",Mon Mar 05 13:17:03 +0000 2018,0.0,0.0,1.0,0.0
11,BBC,RT @BBCFood: #MeatFreeMonday + #BritishPieWeek = Lancashire cheese and onion pie ? ?? https://t.co/07cH2MESmI https://t.co/G79WTJJnKr,Mon Mar 05 13:07:19 +0000 2018,0.0,0.0,1.0,0.0
12,BBC,"What is the best way to cope with adult acne? @BBCWomansHour asked dermatologist @DrAnjaliMahto to find out... 
??… https://t.co/DxHxgWTslT",Mon Mar 05 12:34:04 +0000 2018,0.6369,0.189,0.811,0.0
13,BBC,"RT @bbcgetinspired: It was a feat some doctors said was impossible. Then Roger Bannister came along.

The first man to run a four-minute mi…",Mon Mar 05 12:33:12 +0000 2018,0.0,0.0,1.0,0.0
14,BBC,"?? What an experience!  
This is what it's like to go swimming with whales... 
#AmazingHotels https://t.co/ji90J6Olsj",Mon Mar 05 11:54:02 +0000 2018,0.4199,0.157,0.843,0.0
15,BBC,"?? Just adorable. 
How would you react if your daughter won an Oscar? 
#TheSilentChild #Oscars https://t.co/ienD3dDtKX",Mon Mar 05 11:37:55 +0000 2018,0.7845,0.33,0.67,0.0
16,BBC,"This year's #Oscars have been handed out at the 90th annual Academy Awards in Hollywood. Find out who won, and who… https://t.co/ZxfsMpDVwd",Mon Mar 05 11:00:11 +0000 2018,0.7717,0.251,0.749,0.0
17,BBC,"RT @BBCCornwall: It's #StPiransDay - so cheers to everyone! #GoolPeranLowen ?

Bit of fun .. complete this sentence ""You know you're #Corni…",Mon Mar 05 10:42:57 +0000 2018,0.8384,0.345,0.655,0.0
18,BBC,"RT @BBC6Music: ? Gool Peran Lowen / Happy #StPiransDay to all of our 
‘ansom Cornish listeners. 

To celebrate Gwenno is in session for @la…",Mon Mar 05 10:42:50 +0000 2018,0.8126,0.27,0.73,0.0
19,BBC,"RT @BBCRD: Available now! ? Download the #Civilisations Augmented Reality app @BBCTaster to explore classic art, objects, and artefacts fro…",Mon Mar 05 10:09:20 +0000 2018,0.0,0.0,1.0,0.0
20,BBC,RT @BBCRadio2: What'sthe first leg of @ZoeTheBall's epic Sport Relief challenge? ? She updates @achrisevans on #HardestRoadHome @sportrelie…,Mon Mar 05 09:58:23 +0000 2018,0.5267,0.227,0.773,0.0
21,BBC,??#Oscars outfits designed to dazzle - all the red carpet glamour from the 90th Academy Awards in pictures… https://t.co/iMBBXl75k0,Mon Mar 05 09:30:07 +0000 2018,0.7506,0.286,0.714,0.0
22,BBC,? A rare pure-white stoat! https://t.co/VoR9jXJmk4,Mon Mar 05 09:00:05 +0000 2018,0.0,0.0,1.0,0.0
23,BBC,"Many personality traits can be observed but there are other hidden forces that shape who we are.
?… https://t.co/aTsldl7s1z",Mon Mar 05 08:30:04 +0000 2018,0.0,0.0,1.0,0.0
24,BBC,"?? How honey is collected.
#AmazingHotels https://t.co/UIJKlsamx5",Mon Mar 05 08:00:04 +0000 2018,0.0,0.0,1.0,0.0
25,BBC,RT @BBCNewsbeat: Miss Piggy has some strong feelings about this year's #Oscars selection ?? https://t.co/vzHGz8PtmD,Sun Mar 04 20:11:35 +0000 2018,0.4019,0.184,0.726,0.089
26,BBC,Sloths have survived for more than 60 million years - what makes them so successful?  https://t.co/H4BAA5kAOL,Sun Mar 04 19:00:05 +0000 2018,0.8468,0.386,0.614,0.0
27,BBC,RT @BBCWorld: Watch this baby chimp being flown to a new home in DR Congo after it was rescued from poachers ??? https://t.co/mZfGI8h6Gc,Sun Mar 04 18:59:39 +0000 2018,0.4215,0.118,0.882,0.0
28,BBC,"?? So you've got the critical acclaim, you've got the industry buzz, you might even have a Golden Globe in your dow… https://t.co/WdGFOHrFMZ",Sun Mar 04 18:00:09 +0000 2018,-0.3182,0.0,0.901,0.099
29,BBC,"RT @BBCWorld: What can we expect from the 90th Academy Awards? A lot has changed since last year. 

Here are eight reasons why the 2018 #Os…",Sun Mar 04 16:57:46 +0000 2018,0.4588,0.111,0.889,0.0
30,BBC,"?? After her double mastectomy, this woman found a unique way of learning to love her new breasts.
?… https://t.co/KAxQxkQEow",Sun Mar 04 16:30:12 +0000 2018,0.6369,0.189,0.811,0.0
31,BBC,"He was almost a professional footballer! ?

11 surprising things we learned from Matt Smith's Desert Island Discs:… https://t.co/TMfwinexEB",Sun Mar 04 15:30:29 +0000 2018,0.3382,0.13,0.87,0.0
32,BBC,? Meet the teenage chocolatier joining the ranks of Scotland's growing chocolate sector. https://t.co/FeIVc3FeZC,Sun Mar 04 15:00:06 +0000 2018,0.1779,0.124,0.876,0.0
33,BBC,"Two landscape artists begin a romance whilst working at Versailles. ?????

A Little Chaos | @BBCiPlayer |… https://t.co/szKKosJ2K2",Sun Mar 04 14:03:03 +0000 2018,0.0498,0.18,0.65,0.17
34,BBC,"RT @BBCSportWales: Can't get enough of this.

Welcome to the wonderful world of football analogies - starring @SwansOfficial manager Carlos…",Sun Mar 04 13:46:48 +0000 2018,0.802,0.298,0.702,0.0
35,BBC,"?? From #IsleOfDogs to #TombRaider, here are 9 films worth heading to the movies for in March. 
?… https://t.co/y1xGGocMuA",Sun Mar 04 13:30:06 +0000 2018,0.2263,0.101,0.899,0.0
36,BBC,"RT @BBCWomansHour: ?? @LadyBirdMovie's up for FIVE #Oscars this weekend ? @Saoirse_Ronan talks to us about the film's appeal, her real-life…",Sun Mar 04 12:57:19 +0000 2018,0.0,0.0,1.0,0.0
37,BBC,"RT @BBCSport: There are for four gold medals up for grabs at the Track Cycling World Championships today. ?

Watch the GB squad in action i…",Sun Mar 04 12:56:49 +0000 2018,0.4939,0.118,0.882,0.0
38,BBC,"RT @BBCSport: After the shocking news of Davide Astori's death, all Serie A fixtures today have been called off.

? https://t.co/rmqcHfLPUX…",Sun Mar 04 12:56:15 +0000 2018,-0.765,0.0,0.72,0.28
39,BBC,"RT @BBC6Music: ? Let's settle this, what's the greatest ever movie soundtrack or score?

This Sunday from 6-8pm #NP6Music is warming up for…",Sun Mar 04 12:55:43 +0000 2018,0.7003,0.225,0.775,0.0
40,BBC,? An aspiring writer decides to focus on the story of Mississippi's black maids - much to the consternation of her… https://t.co/bDLqgAXBfk,Sun Mar 04 12:33:04 +0000 2018,0.0,0.0,1.0,0.0
41,BBC,"Feeding time! ??
#AmazingHotels https://t.co/SnOXnczSAF",Sun Mar 04 12:00:07 +0000 2018,0.0,0.0,1.0,0.0
42,BBC,"RT @BBCEarth: In some parts of the ocean, it’s estimated that there are over half a million pieces of plastic for every square kilometre
#B…",Sun Mar 04 11:54:09 +0000 2018,0.0,0.0,1.0,0.0
43,BBC,Sir Roger Bannister: First man to run a mile in under four minutes dies at 88. https://t.co/CpLdZchwqi https://t.co/l7ujJ3kHE6,Sun Mar 04 11:34:05 +0000 2018,0.0,0.0,1.0,0.0
44,BBC,??? Two-year-old Daisy is a little litter-picking hero. https://t.co/EiYuQkQUlU,Sun Mar 04 11:00:02 +0000 2018,0.5141,0.322,0.678,0.0
45,BBC,Would you be able to resist this perfect layer of snow? ????https://t.co/36rTZveWl5,Sun Mar 04 10:33:01 +0000 2018,0.657,0.285,0.715,0.0
46,BBC,"?? Before you fry up your full English this morning, did you know just 1.5 sausages could reduce your lifespan by 3… https://t.co/TXZAcIZKVH",Sun Mar 04 09:30:03 +0000 2018,0.0,0.0,1.0,0.0
47,BBC,"RT @BBCRadio4: ? Looking for a new podcast?
? Loads of great ideas right here...
https://t.co/DJbWsiWc2D",Sat Mar 03 21:21:40 +0000 2018,0.6249,0.255,0.745,0.0
48,BBC,RT @bbcthree: Your regular reminder that Louis Theroux is a national treasure. https://t.co/vxTqbCttuQ,Sat Mar 03 19:36:06 +0000 2018,0.296,0.167,0.833,0.0
49,BBC,?? Some people just don't want to stop raving. https://t.co/agXVmmgVKZ,Sat Mar 03 19:00:05 +0000 2018,0.1695,0.17,0.72,0.11
50,BBC,"""You can’t dress it up. I said: ‘Mummy’s died’""

? Sky Sports anchor @SimonThomasSky, who lost his wife to cancer o… https://t.co/63Q2Wb37oX",Sat Mar 03 18:00:16 +0000 2018,-0.7717,0.0,0.729,0.271
51,BBC,"RT @BBCWorld: Come on Eileen. ???

https://t.co/KLrG8nMMJl",Sat Mar 03 17:58:00 +0000 2018,0.0,0.0,1.0,0.0
52,BBC,RT @BBCFood: CHOCOLATE CAKE KLAXON ? https://t.co/u1wNGs8Vtm https://t.co/UOi707IOaG,Sat Mar 03 17:57:56 +0000 2018,0.0,0.0,1.0,0.0
53,BBC,"RT @BBCBreaking: One person suffers ""self-inflicted gun shot wound"" outside the White House, US Secret Service says https://t.co/Bv5sB11BSC",Sat Mar 03 17:46:46 +0000 2018,-0.6705,0.0,0.744,0.256
54,BBC,?? A mum's tribute to her son Tristan who has Asperger's syndrome. https://t.co/LTZ02FX24V,Sat Mar 03 17:00:03 +0000 2018,0.0,0.0,1.0,0.0
55,BBC,"? Less than one-10th of 1% of all species that have ever lived became fossils. 

But from skipping a coffin to avoi… https://t.co/20s85EmMhJ",Sat Mar 03 16:00:08 +0000 2018,0.0,0.0,1.0,0.0
56,BBC,"RT @bbcpress: ? ? @IanMcKellen, @francesbarber13 and Simon Russell Beale star in a new adaptation of #ParadiseLost @BBCRadio4 - https://t.c…",Sat Mar 03 15:26:56 +0000 2018,0.0,0.0,1.0,0.0
57,BBC,RT @BBCFOUR: One of the most inspiring stories in human history. Masters of the Pacific Coast: The Tribes of the American Northwest. Tonigh…,Sat Mar 03 15:26:39 +0000 2018,0.4754,0.123,0.877,0.0
58,BBC,RT @BBC100women: For a film to pass the Bechdel Test it needs to feature two women ? talking to each other ?? about something other than a…,Sat Mar 03 15:07:50 +0000 2018,0.0,0.0,1.0,0.0
59,BBC,RT @bbcweather: Some parts of the UK have seen freezing rain in the last 24 hours - a beautiful but dangerous weather phenomenon. https://t…,Sat Mar 03 15:07:40 +0000 2018,-0.4404,0.091,0.709,0.2
60,BBC,'There is no such thing as cheap seafood because it comes at a price we can't ever repay.' https://t.co/8tCZay8iOz,Sat Mar 03 15:00:07 +0000 2018,-0.296,0.0,0.885,0.115
61,BBC,"Zig-A-Zig Whaaaaa?
How scary is your knowledge of the Spice Girls? 
? https://t.co/JZAjDNrldQ https://t.co/FXy5nVK7nj",Sat Mar 03 13:30:04 +0000 2018,-0.5514,0.0,0.771,0.229
62,BBC,RT @bbcideas: What do we know about the earliest known representations of the human face? ? https://t.co/PDgFTpPOqi https://t.co/kls7Xu0Ui9,Sat Mar 03 12:30:30 +0000 2018,0.0,0.0,1.0,0.0
63,BBC,How to avoid these ??https://t.co/RJj25ysPsq,Sat Mar 03 12:00:04 +0000 2018,-0.296,0.0,0.645,0.355
64,BBC,"RT @bbccomedy: What happens when you ask @JohnCleese, Alison Steadman and @Jason__Watkins ridiculous questions? ??#HoldTheSunset https://t.…",Sat Mar 03 11:29:49 +0000 2018,-0.3612,0.0,0.857,0.143
65,BBC,"Happy Birthday, @Camila_Cabello!?

For all of her latest @BBCR1 interviews and performances check out:… https://t.co/mTSDDK6YeF",Sat Mar 03 11:18:14 +0000 2018,0.6114,0.222,0.778,0.0
66,BBC,"? From The Terror to the return of Atlanta and @Marvel’s Jessica Jones, here are the TV shows worth seeing in March… https://t.co/i6mIgZGqB7",Sat Mar 03 11:00:11 +0000 2018,-0.3612,0.075,0.791,0.134
67,BBC,"RT @BBCEarth: Today is #WorldWildlifeDay celebrating the world’s big cats. 

DYK: black panthers in Asia and Africa are leopards and those…",Sat Mar 03 10:42:24 +0000 2018,0.5719,0.156,0.844,0.0
68,BBC,"RT @TWBBC: By 2050, 30-50% of all species could be heading towards extinction. 
Take a moment this #WorldWildlifeDay to learn more ???? 
#m…",Sat Mar 03 10:41:48 +0000 2018,0.0,0.0,1.0,0.0
69,BBC,Learning to play the bagpipes can be quite a challenge - and it's even harder if you only have the use of one hand!  https://t.co/PGI8ZPFNUW,Sat Mar 03 10:00:04 +0000 2018,0.7569,0.272,0.728,0.0
70,BBC,"RT @BBCSpringwatch: Never mind the snow, Saturday morning lie-ins be like... ? #weekend #saturday #UKsnow #Winterwatch https://t.co/QueQ6ff…",Sat Mar 03 09:39:33 +0000 2018,0.0,0.0,1.0,0.0
71,BBC,RT @bbcthree: actual footage of me this morning https://t.co/e9vmltkcc3,Sat Mar 03 09:39:27 +0000 2018,0.0,0.0,1.0,0.0
72,BBC,"Mary Beard opens up about her new series, the nature of civilisation and the significance of a face-to-face encount… https://t.co/OIg0ZgPgcc",Sat Mar 03 09:00:07 +0000 2018,0.2732,0.104,0.896,0.0
73,BBC,"RT @BBCOne: .@JohnTorode1 makes terrible beans on toast, isn't that right @GreggAWallace? ? @Masterchefuk https://t.co/ZsUcJAWZWX",Fri Mar 02 20:35:03 +0000 2018,-0.4767,0.0,0.807,0.193
74,BBC,"?? When the weather is this cold, a simple act of kindness can go a long way. https://t.co/NwJ0FoSOzD",Fri Mar 02 19:00:09 +0000 2018,0.4588,0.167,0.833,0.0
75,BBC,"What is the #AttenboroughEffect?
?? https://t.co/qO3nY8tEl6 https://t.co/bJSh6V20WC",Fri Mar 02 18:00:11 +0000 2018,0.0,0.0,1.0,0.0
76,BBC,KILTED YOGA! https://t.co/4wlS4cr85R,Fri Mar 02 17:30:03 +0000 2018,0.0,0.0,1.0,0.0
77,BBC,"RT @mixital: ?Are you loving @BBCOne’s Troy? Join our new creative challenge and create your own #Troy fan art!

Grab these images from our…",Fri Mar 02 15:43:22 +0000 2018,0.9184,0.454,0.546,0.0
78,BBC,"Meet George, a 99-year-old swimmer from Australia who appears to have smashed a world record for his age group. ???… https://t.co/4VsUws6lI3",Fri Mar 02 15:03:04 +0000 2018,0.0,0.0,1.0,0.0
79,BBC,"You might know your British comedy, but how well do you know your British comedy award-winners?… https://t.co/TKHDZQ3tNW",Fri Mar 02 14:30:11 +0000 2018,0.7684,0.353,0.647,0.0
80,BBC,"Lego's leaves, bushes and trees are going green! ???The Danish toymaker says they will be made with plastic sourced… https://t.co/BUTkdp7dBe",Fri Mar 02 14:03:04 +0000 2018,0.0,0.0,1.0,0.0
81,BBC,"? Are these the most offensive questions ever asked in job interviews?
? https://t.co/bzi7uVzVAL https://t.co/yaBdPGQ2m0",Fri Mar 02 13:00:04 +0000 2018,-0.5095,0.0,0.785,0.215
82,BBC,When London Fashion meets the technology behind Star Wars. https://t.co/M2QJ5HGx8W,Fri Mar 02 12:00:05 +0000 2018,-0.5574,0.0,0.714,0.286
83,BBC,?He's @BAFTA's 2018 Rising Star and a contender for Best Actor at the #Oscars this weekend - read 9 things… https://t.co/eRvLb5oque,Fri Mar 02 10:53:03 +0000 2018,0.6908,0.263,0.737,0.0
84,BBC,RT @bbcrb: So it's NEVER too cold to go swimming in the sea ????? https://t.co/fvtt3D7u3o,Fri Mar 02 10:09:18 +0000 2018,0.0,0.0,1.0,0.0
85,BBC,RT @bbcthree: Kerry and Kurtan had a proper go at snapchat filters.... #thiscountry https://t.co/2gxzCvuie1,Fri Mar 02 10:09:01 +0000 2018,0.0,0.0,1.0,0.0
86,BBC,"RT @BBCR1: So, apparently @LiamPayne paid for Michael and Calum from @5SOS' very first tattoos when they were on tour with @OneDirection...…",Fri Mar 02 10:08:18 +0000 2018,0.0,0.0,1.0,0.0
87,BBC,"RT @bbcarts: If you're snowed in on Friday, spend the day with the #Civilisations box set on @BBCiPlayer &amp; at 18:30 watch our live event wi…",Fri Mar 02 10:07:52 +0000 2018,0.0,0.0,1.0,0.0
88,BBC,RT @BBCScotlandNews: Watch a husky pull a skier... in Glasgow's Partick https://t.co/eAWWjQnAXS,Fri Mar 02 10:06:53 +0000 2018,0.0,0.0,1.0,0.0
89,BBC,RT @BBCFOUR: Today is our 16th birthday! We launched #onthisday in 2002… and we’ve loved every minute of it. ? #SixteenYearsFresh https://t…,Fri Mar 02 10:05:43 +0000 2018,0.69,0.231,0.769,0.0
90,BBC,"More than 1,000 members of the public have been invited to the grounds of Windsor Castle for Prince Harry and Megha… https://t.co/EGTJPQEm96",Fri Mar 02 10:02:04 +0000 2018,0.0,0.0,1.0,0.0
91,BBC,"That view! ?
#OurBluePlanet #BluePlanet2 https://t.co/1kHthPUfxg",Fri Mar 02 09:00:07 +0000 2018,0.0,0.0,1.0,0.0
92,BBC,A recently discovered photo collection by the late photographer David Granick reveals London's East End in colour.… https://t.co/GPbx6fdmF1,Fri Mar 02 08:30:16 +0000 2018,0.0,0.0,1.0,0.0
93,BBC,?? It's a real life 'sheep dog'! https://t.co/A1LAD9ZCNm,Fri Mar 02 08:00:06 +0000 2018,0.0,0.0,1.0,0.0
94,BBC,"How beautiful is this temple in Petra, Jordan? It's survived armies and earthquakes as the Nabataeans who built it… https://t.co/Br3szxmAxN",Thu Mar 01 21:43:00 +0000 2018,0.802,0.286,0.714,0.0
95,BBC,"High-resolution photographs of this tiny seal stone, which was found in the grave of a Mycenaean soldier, uncover a… https://t.co/aE7E1pXCvT",Thu Mar 01 21:38:00 +0000 2018,-0.3818,0.0,0.874,0.126
96,BBC,"RT @bbcarts: As #Civilisations, a series 3 years in the making and featuring over 500 artworks, arrives on the @BBC, here's just one of tho…",Thu Mar 01 21:24:36 +0000 2018,0.0,0.0,1.0,0.0
97,BBC,"A greeting from roughly 37,000 years ago. ? Amazing! #Civilisations https://t.co/thqeSvamrV",Thu Mar 01 21:10:00 +0000 2018,0.7712,0.489,0.511,0.0
98,BBC,RT @simon_schama: After 3 years of work #Civilisations will at last reach all of you - it was a great labour of love and passion for @wmary…,Thu Mar 01 21:09:31 +0000 2018,0.9081,0.383,0.617,0.0
99,BBC,We've been creating and designing for thousands of years. But when and where did human creativity begin?… https://t.co/Utrh8ie6qf,Thu Mar 01 21:08:00 +0000 2018,0.5859,0.231,0.769,0.0
100,CBS,"RT @thegoodfight: It feels good to be back. ??? The season 2 premiere of #TheGoodFight is now streaming, exclusively on CBS All Access: htt…",Sun Mar 04 08:05:26 +0000 2018,0.4404,0.116,0.884,0.0
101,CBS,"RT @thegoodfight: Tomorrow, #TheGoodFight is back. Stream the season 2 premiere only on CBS All Access: https://t.co/tNFR8LBJO2 https://t.c…",Sat Mar 03 20:55:20 +0000 2018,0.0,0.0,1.0,0.0
102,CBS,"Who are the trailblazing women in your life that inspire you? Join CBS and the ANA's #SeeHer initiative, celebratin… https://t.co/M0KqZ41Bes",Fri Mar 02 22:30:01 +0000 2018,0.7096,0.247,0.753,0.0
103,CBS,"Join @maria_bello, @aishatyler and @TeaLeoni in celebrating the accomplishments of women who have contributed to th… https://t.co/MefESBeFL3",Fri Mar 02 20:30:01 +0000 2018,0.7096,0.282,0.718,0.0
104,CBS,"In honor of Women's History Month, CBS and the Association of National Advertisers' (ANA) #SeeHer initiative will p… https://t.co/2wtYxKJVuO",Fri Mar 02 18:45:00 +0000 2018,0.4939,0.151,0.849,0.0
105,CBS,RT @ZoeListerJones: Tonight’s an all new Life In Pieces and it’s directed by my ride or die @nataliaanderson!!!… https://t.co/2LPfmyLWrY,Thu Mar 01 18:59:01 +0000 2018,-0.6981,0.0,0.79,0.21
106,CBS,"RT @MarenMorris: Hot damn! Woke up from my post-wisdom teeth haze to find out I’m up for 4 @ACMawards ! So honored, especially for the Dear…",Thu Mar 01 18:12:57 +0000 2018,0.4547,0.159,0.749,0.092
107,CBS,RT @KelseaBallerini: Ohhhhh goodness. Incredible. Thank you thank you thank you. #female https://t.co/1ZTYjNfQeF,Thu Mar 01 18:11:50 +0000 2018,0.8591,0.538,0.462,0.0
108,CBS,RT @KeithUrban: ACMs...... HOLY SMOKES!!!!! MAD LOVE TO U ALL THIS MORNING  FOR THESE INCREDIBLE NOMINATIONS. I’M EXTREMELY GRATEFUL!!!!!!!…,Thu Mar 01 18:10:50 +0000 2018,0.4885,0.234,0.615,0.151
109,CBS,"RT @ACMawards: Congratulations to this year’s #ACMawards Video of the Year nominees:
“Black” - @DierksBentley
“It Ain’t My Fault” - @Brothe…",Thu Mar 01 14:36:21 +0000 2018,0.5994,0.178,0.822,0.0
110,CBS,"RT @ACMawards: Please give a round of applause to this year’s #ACMawards Entertainer of the Year nominees: @Jason_Aldean, @GarthBrooks, @Lu…",Thu Mar 01 14:29:20 +0000 2018,0.7717,0.325,0.675,0.0
111,CBS,".@ChrisStapleton, @ThomasRhett, @mirandalambert and more are all nominated for awards at Country Music's Party of t… https://t.co/Vm1vXRUDYJ",Thu Mar 01 14:15:29 +0000 2018,0.6908,0.275,0.725,0.0
112,CBS,"The Queen of Country, @Reba, is returning to host the 53rd #ACMawards on Sunday, April 15 at 8/7c. Here are a few o… https://t.co/Iqzz6Gql01",Thu Mar 01 13:50:11 +0000 2018,0.0,0.0,1.0,0.0
113,CBS,RT @survivorcbs: It’s time! #Survivor https://t.co/YPk6cGWrUA,Thu Mar 01 01:04:52 +0000 2018,0.0,0.0,1.0,0.0
114,CBS,"RT @CBSThisMorning: TOMORROW: The nominees for the 2018 @ACMawards will be announced live by the one-and-only, @Reba! 

Watch on @CBS in ou…",Wed Feb 28 19:56:58 +0000 2018,0.0,0.0,1.0,0.0
115,CBS,"RT @thegoodfight: From the set design and costumes to hair and makeup, the production quality is truly next-level. Take a peek inside the u…",Wed Feb 28 19:08:30 +0000 2018,0.4404,0.116,0.884,0.0
116,CBS,RT @LivinBiblically: The fun continues on Facebook! The #LivingBiblically cast is live to talk about tonight’s premiere. Tune in here: http…,Tue Feb 27 03:23:47 +0000 2018,0.5562,0.152,0.848,0.0
117,CBS,"RT @KevinCanWaitCBS: Can you get all the way through these #KevinCanWait bloopers without laughing?! @KevinJames,@LeahRemini and the rest o…",Mon Feb 26 22:50:32 +0000 2018,0.0,0.0,1.0,0.0
118,CBS,"RT @ACMawards: That’s right! @Reba is headed to @CBSThisMorning on Thursday, March 1 to announce this year’s #ACMAwards' nominees. Tune in…",Mon Feb 26 21:08:30 +0000 2018,0.0,0.0,1.0,0.0
119,CBS,"RT @ScorpionCBS: You can't hack your way to a 197 IQ, but you are well on your way with these Genius Facts from #TeamScorpion! ? You can be…",Mon Feb 26 19:53:41 +0000 2018,0.4482,0.105,0.895,0.0
120,CBS,RT @SuperiorDonuts: You can always count on @DavidKoechner for a laugh! Did your favorite Tush moment make the list? Catch a new #SuperiorD…,Mon Feb 26 18:32:36 +0000 2018,0.784,0.266,0.734,0.0
121,CBS,RT @TheTalkCBS: TODAY: We loved them together then &amp; we love seeing them together now! Welcome back to the show @THESaraGilbert?'s good fri…,Mon Feb 26 18:20:16 +0000 2018,0.9359,0.429,0.571,0.0
122,CBS,"RT @thegoodfight: As foundations begin to crumble, our characters struggle to make sense of this new dystopian world. The cast teases what'…",Mon Feb 26 16:53:56 +0000 2018,-0.5423,0.0,0.816,0.184
123,CBS,"#LivingBiblically's @linzkraft and @jrfergjr appeared on @KCBS's Facebook Live this morning, talking all about what… https://t.co/4RebcHuuMQ",Mon Feb 26 16:52:01 +0000 2018,0.0,0.0,1.0,0.0
124,CBS,"RT @CBSSports: Introducing CBS Sports HQ, a New 24/7 Direct-to-Consumer Streaming Network for Sports News, Highlights, &amp; Analysis.

Stream…",Mon Feb 26 16:17:55 +0000 2018,0.0,0.0,1.0,0.0
125,CBS,"RT @CBSBigBrother: It’s down to the final 5 celebrity Houseguests, and anyone could take home the grand prize! Tune in NOW to watch the #BB…",Mon Feb 26 01:12:32 +0000 2018,0.7644,0.231,0.769,0.0
126,CBS,RT @startrekcbs: Binge the entire first season of #StarTrekDiscovery. All episodes now streaming exclusively on CBS All Access: https://t.c…,Sun Feb 25 21:51:32 +0000 2018,0.0,0.0,1.0,0.0
127,CBS,"RT @thegoodfight: #TheGoodFight returns in 1 week. Season 2 premieres Sunday, March 4. https://t.co/nomCao1GWp https://t.co/BOn6bOe9Tb",Sun Feb 25 21:51:22 +0000 2018,0.0,0.0,1.0,0.0
128,CBS,RT @thegoodfight: This is our new favorite thing. Christine Baranski debuted #TheGoodFight the Musical on @colbertlateshow last night! ??…,Fri Feb 23 18:15:40 +0000 2018,0.5093,0.155,0.845,0.0
129,CBS,"RT @LivinBiblically: Confession time: have YOU ever hit the ""close door"" button in an elevator while somebody was approaching? The cast of…",Thu Feb 22 19:26:52 +0000 2018,0.0,0.0,1.0,0.0
130,CBS,RT @CBSEyeSpeak: Mark your calendars! #CBSEyeSpeak kicks off March 14 with The EYE Speak Summit. Follow our page for more details! https://…,Wed Feb 21 19:20:04 +0000 2018,0.0,0.0,1.0,0.0
131,CBS,"RT @CBSEyeSpeak: Proud to announce a new CBS initiative, promoting female empowerment and developing the next generation of leaders through…",Wed Feb 21 18:19:25 +0000 2018,0.6808,0.248,0.752,0.0
132,CBS,"RT @LivinBiblically: When you're living by the Bible, it's good to have a priest and a rabbi on call (provided they answer their phones, th…",Tue Feb 20 19:55:19 +0000 2018,0.4404,0.116,0.884,0.0
133,CBS,"RT @thegoodfight: Chicago lawyers are being hunted and the world is going insane. 

The new season of #TheGoodFight premieres Sunday, March…",Tue Feb 20 17:58:18 +0000 2018,-0.4019,0.0,0.881,0.119
134,CBS,Ready for some larger than life competition? This new series from @MarkBurnettTV will premiere in summer 2018.… https://t.co/gDXHLdIJ5v,Tue Feb 20 17:39:51 +0000 2018,0.3612,0.128,0.872,0.0
135,CBS,"With tournament dreams on the line, make sure to stream these college basketball matchups on CBS All Access:… https://t.co/SGkYUZrQWB",Sat Feb 17 01:07:20 +0000 2018,0.6124,0.227,0.773,0.0
136,CBS,"RT @LivinBiblically: While Chip's sticking to the Bible's original rules, the cast of #LivingBiblically has given them a more modern makeov…",Fri Feb 16 18:42:43 +0000 2018,0.3182,0.108,0.892,0.0
137,CBS,"Casting News! Peter Mark Kendall, Michael Gaston, Greg Wise, Rade Šerbedžija, Zack Pearlman, and Keye Chen join the… https://t.co/GFob2KrD8H",Fri Feb 16 17:48:20 +0000 2018,0.68,0.248,0.752,0.0
138,CBS,RT @BullCBS: The verdict is in...#Bull is the perfect Valentine! ?? Happy #ValentinesDay! https://t.co/poEejI4AnC,Wed Feb 14 19:23:27 +0000 2018,0.8619,0.466,0.534,0.0
139,CBS,"RT @NoActivityCBS: Car 27 reporting: Season 2 of #NoActivity coming soon!

Binge season one now on CBS All Access: https://t.co/yvxoQMeyhN…",Tue Feb 13 20:03:56 +0000 2018,0.0,0.0,1.0,0.0
140,CBS,"RT @LivinBiblically: Against all odds (and the advice of his God Squad), Chip is determined to live life by the Good Book. Think you could…",Tue Feb 13 18:54:52 +0000 2018,0.7506,0.252,0.748,0.0
141,CBS,RT @thegoodfight: Christine Baranski reflects upon the spectacular metamorphosis of her character in #TheGoodFight's first season. Revisit…,Mon Feb 12 18:49:45 +0000 2018,0.0,0.0,1.0,0.0
142,CBS,RT @startrekcbs: Binge the entire first season of #StarTrekDiscovery. All 15 episodes now streaming on CBS All Access: https://t.co/lKLaptP…,Mon Feb 12 01:32:33 +0000 2018,0.0,0.0,1.0,0.0
143,CBS,RT @SuperiorDonuts: Looking for a #Valentine? Tush is here to help you land your dream date just in time for the day of love! #SuperiorDonu…,Fri Feb 09 00:50:01 +0000 2018,0.8478,0.304,0.696,0.0
144,CBS,RT @CBSBigBrother: The pressure is on as the Houseguests battle each other for victory in the first HOH competition. Stream the season prem…,Thu Feb 08 16:09:35 +0000 2018,-0.5859,0.0,0.814,0.186
145,CBS,"RT @startrekcbs: Sunday, this season's epic journey reaches its final reckoning. Catch up before the season finale: https://t.co/4Ea5wpmAep…",Wed Feb 07 18:35:19 +0000 2018,0.0516,0.066,0.934,0.0
146,CBS,"Are you a sucker for jaw-dropping talent competitions? Announcing The World's Best, a first-of-its-kind new global… https://t.co/fagCMklm2Z",Wed Feb 07 16:17:48 +0000 2018,0.5574,0.312,0.536,0.152
147,CBS,"RT @BullCBS: Tonight, one of these 3 TAC employees will end up incarcerated. Who do you think it will be? Tune into a new episode of #Bull…",Tue Feb 06 22:21:39 +0000 2018,0.0,0.0,1.0,0.0
148,CBS,"RT @thegoodfight: There's no season like lawyer season. #TheGoodFight returns March 4, exclusively on CBS All Access. https://t.co/XAlrg1nB…",Tue Feb 06 17:05:49 +0000 2018,0.0772,0.121,0.773,0.106
149,CBS,"RT @thegoodfight: The acclaimed series returns in 1 month. #TheGoodFight is back Sunday, March 4. https://t.co/5BNLTYRd8p https://t.co/yInP…",Sun Feb 04 15:35:36 +0000 2018,0.0,0.0,1.0,0.0
150,CBS,".@KeshaRose's emotional performance with @CyndiLauper, @AndraDayMusic, @BebeRexha and @Camila_Cabello brought the a… https://t.co/qpgS2e9ir0",Sun Feb 04 12:00:01 +0000 2018,0.1531,0.118,0.882,0.0
151,CBS,Broadway legend Patti LuPone paid tribute to Sir Andrew Lloyd Webber with a show-stopping rendition of the iconic s… https://t.co/GxqLtUzhFP,Sat Feb 03 23:11:43 +0000 2018,0.0,0.0,1.0,0.0
152,CBS,"Relive an entire night's worth of big wins, live performances and many more inspiring moments from The 60th Annual… https://t.co/CH7mJ4Y3QT",Sat Feb 03 12:00:07 +0000 2018,0.8268,0.338,0.662,0.0
153,CBS,RT @swatcbs: ?@TheTalkCBS' @TheRealEve and @ShemarMoore brought some serious heat to the GRAMMYs red carpet: https://t.co/WYTITKkLQd https:…,Fri Feb 02 22:36:13 +0000 2018,-0.0772,0.0,0.925,0.075
154,CBS,"The all-star collaboration between @Rihanna, @DJKhaled and @brysontiller brought the party to the #GRAMMYs with a s… https://t.co/jTv5QbtgUp",Fri Feb 02 20:07:40 +0000 2018,0.4019,0.144,0.856,0.0
155,CBS,RT @TheTalkCBS: All the #redcarpet looks from the 60th annual #GRAMMYs! Did you catch @TheRealEve's sparkly two-piece suit? Diamond accents…,Fri Feb 02 19:03:33 +0000 2018,0.4003,0.124,0.876,0.0
156,CBS,Go backstage with the celebs and see which stars celebrated the big night together! Here are the moments you missed… https://t.co/rgQTXRQyLg,Fri Feb 02 17:23:18 +0000 2018,0.6114,0.166,0.834,0.0
157,CBS,? @DearEvanHansen star Ben Platt gave a soaring performance of a classic Broadway hit. Watch him perform 'Somewhere… https://t.co/HcuizFWo02,Thu Feb 01 22:04:41 +0000 2018,0.0,0.0,1.0,0.0
158,CBS,"? @LittleBigTown, @U2, @BrunoMars and @Pink are just a few of the superstar performers that lit up the stage at The… https://t.co/2v0MNYMItG",Thu Feb 01 20:09:49 +0000 2018,0.0,0.0,1.0,0.0
159,CBS,"Don't miss country stars Emmylou Harris and @ChrisStapleton perform a moving rendition of @TomPetty's classic song,… https://t.co/GxoIW97XIu",Wed Jan 31 21:42:15 +0000 2018,0.1139,0.088,0.912,0.0
160,CBS,RT @survivorcbs: Get excited! ? It’s finally time to meet the castaways of #Survivor: Ghost Island ? https://t.co/xQQ8ROhKbM https://t.co/P…,Wed Jan 31 17:05:47 +0000 2018,0.1007,0.135,0.75,0.115
161,CBS,"Country stars @EricChurch, @BrothersOsborne and @MarenMorris performed a touching tribute dedicated to the victims… https://t.co/YCIq9i70fd",Wed Jan 31 16:37:17 +0000 2018,0.4588,0.188,0.812,0.0
162,CBS,Missed the Man vs. Beast #SuperBowlCommercials showdown? Catch up now to find out which entertaining ad was named t… https://t.co/SlyO0n7yMX,Wed Jan 31 06:55:30 +0000 2018,0.1779,0.126,0.779,0.095
163,CBS,"RT @rikimae: Ok, that one makes me cry #superbowlcommercials",Wed Jan 31 02:15:16 +0000 2018,-0.2263,0.179,0.569,0.252
164,CBS,"If this doesn’t make you cry, nothing will. #SuperBowlCommercials https://t.co/UjFf3xr4so",Wed Jan 31 01:58:40 +0000 2018,-0.4767,0.0,0.744,0.256
165,CBS,"RT @maverickkr: #superbowlcommercials the frogs were great, I'd forgotten about that one.",Wed Jan 31 01:52:46 +0000 2018,0.4939,0.256,0.625,0.119
166,CBS,"If you haven't voted yet, it's not too late! Choose your favorite here: https://t.co/s4pEIF5IX8… https://t.co/VCa1YHDyYy",Wed Jan 31 01:49:43 +0000 2018,0.5093,0.19,0.81,0.0
167,CBS,RT @5691e44f3b66446: I am having so much fun ...the commercials are awesome #superbowlcommercials,Wed Jan 31 01:31:27 +0000 2018,0.8261,0.434,0.566,0.0
168,CBS,RT @LittleShelbyMae: Love watching the #superbowlcommercials all the animal ones are my favorite!!,Wed Jan 31 01:29:10 +0000 2018,0.8309,0.414,0.586,0.0
169,CBS,RT @PatHale915: Doritos time machine was great!   #superbowlcommercials,Wed Jan 31 01:24:16 +0000 2018,0.6588,0.386,0.614,0.0
170,CBS,Never make a goat angry. #SuperBowlCommercials https://t.co/xRJssdAErk,Wed Jan 31 01:18:37 +0000 2018,-0.5106,0.0,0.602,0.398
171,CBS,RT @MsLindsieStarr: That dang goat! #Doritos #superbowlcommercials,Wed Jan 31 01:17:37 +0000 2018,0.0,0.0,1.0,0.0
172,CBS,Do you remember this Super Bowl commercial featuring @KevinHart4real playing an overprotective father?… https://t.co/ejLnTEG5ug,Wed Jan 31 01:16:15 +0000 2018,0.7525,0.349,0.651,0.0
173,CBS,RT @dRoy: Homework will take a break for now. #superbowlcommercials on cbs is on ?,Wed Jan 31 01:08:01 +0000 2018,0.0,0.0,1.0,0.0
174,CBS,RT @Mixxxalv: Watching #superbowlcommercials let the best win!,Wed Jan 31 01:04:34 +0000 2018,0.8516,0.58,0.42,0.0
175,CBS,Super Bowl Greatest Commercials 2018 hosts @7BOOMERESIASON and @DanielaRuah are moments away from announcing the tw… https://t.co/cKM1WXPc9u,Wed Jan 31 01:00:35 +0000 2018,0.8442,0.351,0.649,0.0
176,CBS,It's Man vs. Beast as these classic Super Bowl spots face off tonight on Super Bowl Greatest Commercials 2018! Tune… https://t.co/GcoSAcfeUd,Wed Jan 31 00:55:04 +0000 2018,0.923,0.406,0.594,0.0
177,CBS,"Tonight, get a first look at #ChrisElliott starring in the new @AvosfromMexico Super Bowl Commercial on… https://t.co/WMEjsZfgdg",Wed Jan 31 00:37:20 +0000 2018,0.5994,0.206,0.794,0.0
178,CBS,"Join @NCISLA's @DanielaRuah and @7BOOMERESIASON on Super Bowl Greatest Commercials 2018, tonight at 8/7c on CBS and… https://t.co/nzVu1FCRc5",Wed Jan 31 00:11:53 +0000 2018,0.8834,0.407,0.593,0.0
179,CBS,Everyone knows the best part of the Super Bowl is the commercials! Find out how to tune in and vote for your favori… https://t.co/KGDYl9oF98,Tue Jan 30 23:35:01 +0000 2018,0.8553,0.276,0.724,0.0
180,CBS,Throw it back to this classic Michael Jordan vs. Larry Bird spot tonight on Super Bowl Greatest Commercials 2018! W… https://t.co/g2H4zV7wIN,Tue Jan 30 21:19:22 +0000 2018,0.8553,0.306,0.694,0.0
181,CBS,"Super Bowl Greatest Commercials 2018 airs tonight! Cast your vote now, then tune in and vote for the winner live at… https://t.co/h4jGpUheP5",Tue Jan 30 18:46:04 +0000 2018,0.9215,0.391,0.609,0.0
182,CBS,Remember when @robinthicke and Lil Wayne (@liltunechi) joined jazz legends on stage at the 51st #GRAMMYs? Watch thi… https://t.co/2l8gBdOrli,Tue Jan 30 16:00:02 +0000 2018,0.0,0.0,1.0,0.0
183,CBS,"Tomorrow, catch a sneak peek of the incredible @TiffanyHaddish in her first Super Bowl Commercial for @Groupon on… https://t.co/RlehujNvFN",Tue Jan 30 04:03:31 +0000 2018,0.5994,0.187,0.813,0.0
184,CBS,Rapper @Logic301 delivered a poignant message of hope to conclude his powerful performance with @alessiacara and… https://t.co/elSqZExRtN,Tue Jan 30 03:17:51 +0000 2018,0.6908,0.289,0.711,0.0
185,CBS,Even our host @JKCorden was starstruck when Broadway icon Patti LuPone performed at The #GRAMMYs! https://t.co/YJhNBllFh6,Tue Jan 30 02:12:15 +0000 2018,0.0,0.0,1.0,0.0
186,CBS,Childish Gambino serenaded the crowd with his smooth vocals in this mesmerizing performance. Watch him perform 'Ter… https://t.co/TkWZP7PS22,Tue Jan 30 01:29:06 +0000 2018,-0.296,0.0,0.885,0.115
187,CBS,.@OfficialSting and @shaggy757 joined together to bring their upbeat reggae vibes to Madison Square Garden. Watch t… https://t.co/iqq0DbM1IR,Tue Jan 30 00:11:05 +0000 2018,0.0,0.0,1.0,0.0
188,CBS,Superstar @Pink left it all on the stage last night in a simply stunning performance that brought the crowd to thei… https://t.co/B9Tj5INcNu,Mon Jan 29 22:45:21 +0000 2018,0.3818,0.115,0.885,0.0
189,CBS,Check out these photos of the night's best backstage moments you didn't see on TV! Here's what you missed at The 60… https://t.co/6TBI8NV8JJ,Mon Jan 29 22:10:15 +0000 2018,0.5093,0.162,0.758,0.079
190,CBS,The dapper duo of @itstonybennett and @johnlegend brought down the #GRAMMYs house with an impromptu duet.… https://t.co/ucRrAFk59f,Mon Jan 29 20:00:04 +0000 2018,0.0,0.0,1.0,0.0
191,CBS,?@BrunoMars worked his 24K Magic to become the night's biggest winner. See his #GRAMMYs acceptance speech for Album… https://t.co/dXzjWH0myx,Mon Jan 29 19:00:05 +0000 2018,0.7783,0.286,0.714,0.0
192,CBS,When your win at The #GRAMMYs feels like 24K Magic! Congratulations to @BrunoMars for taking home six awards this y… https://t.co/UhWCE8OKfK,Mon Jan 29 18:00:02 +0000 2018,0.9259,0.442,0.558,0.0
193,CBS,?@LadyGaga's stripped-down performance soared on the #GRAMMYs stage. See all the night's performances here:… https://t.co/Dw6xSzeeGC,Mon Jan 29 17:15:04 +0000 2018,0.0,0.0,1.0,0.0
194,CBS,"Relive epic GRAMMY rock performances from @Metallica, @beck, @coldplay and more on @AppleMusic. Start your free tri… https://t.co/xmkaZGjlMM",Mon Jan 29 16:00:05 +0000 2018,0.5106,0.163,0.837,0.0
195,CBS,"The #GRAMMYs were full of emotional performances, stirring speeches, and jaw-dropping fashion. See all the red carp… https://t.co/yqpOW9tWm3",Mon Jan 29 15:00:03 +0000 2018,0.1531,0.086,0.914,0.0
196,CBS,Watch @BrunoMars and @iamcardib pull out all the stops at the #GRAMMYs for their fun and funky duet of 'Finesse.'… https://t.co/z1ZTosotw9,Mon Jan 29 14:00:02 +0000 2018,0.3182,0.136,0.741,0.123
197,CBS,"With his powerful single 'Pray,"" @samsmithworld captivated the #GRAMMYs crowd. Watch the full performance:… https://t.co/159qGVFyxW",Mon Jan 29 13:00:01 +0000 2018,0.6597,0.293,0.707,0.0
198,CBS,Music's biggest stars came together for a night of celebration and song at the The 60th Annual #GRAMMYs! Stream the… https://t.co/flFIflTQ5s,Mon Jan 29 12:00:03 +0000 2018,0.0,0.0,1.0,0.0
199,CBS,The stage was packed with star power from start to finish on Music's Biggest Night®! Catch up on all the live perfo… https://t.co/Mzqp82FiUS,Mon Jan 29 08:18:18 +0000 2018,0.0,0.0,1.0,0.0
200,CNN,"Former Trump aide Sam Nunberg: “I’m not a Donald Trump fan. … He treated me like crap,” but when they ask me to go… https://t.co/vz2oXHuVcm",Mon Mar 05 20:52:20 +0000 2018,0.0693,0.072,0.867,0.061
201,CNN,"Do you believe that the special counsel has something on Donald Trump?

Former Trump aide Sam Nunberg: “I suspect t… https://t.co/cLiQeBPQjO",Mon Mar 05 20:47:28 +0000 2018,0.128,0.113,0.795,0.092
202,CNN,Former Trump campaign aide Sam Nunberg says he is refusing to comply with a grand jury subpoena in the Russia inves… https://t.co/DIpuLSe758,Mon Mar 05 20:34:47 +0000 2018,0.0772,0.121,0.769,0.109
203,CNN,"White House press secretary Sarah Sanders on House Speaker Paul Ryan's remarks about the possibility of tariffs: ""W… https://t.co/5BWOaKi3rx",Mon Mar 05 20:28:27 +0000 2018,0.0,0.0,1.0,0.0
204,CNN,RT @CNNPolitics: White House press secretary Sarah Sanders on DACA: “I think it’s absolutely terrible that Congress has failed to act” http…,Mon Mar 05 20:16:39 +0000 2018,-0.7713,0.0,0.749,0.251
205,CNN,Martin Shkreli was ordered by a federal judge to forfeit nearly $7.4 million as a result of his fraud convictions l… https://t.co/wp29WfsoZy,Mon Mar 05 20:16:05 +0000 2018,-0.5859,0.0,0.833,0.167
206,CNN,"The White House is holding a press briefing. Watch CNN: https://t.co/UYpqI3w42L

Watch on Facebook:… https://t.co/nImwxDTKhL",Mon Mar 05 20:08:09 +0000 2018,0.0,0.0,1.0,0.0
207,CNN,"""Bless your hearts."" Lawmakers from states boasting a proud barbecue legacy are joining in on the roasting of an ar… https://t.co/mZd86kRoFM",Mon Mar 05 20:03:42 +0000 2018,0.7096,0.247,0.753,0.0
208,CNN,"Walmart, the biggest grocer in the United States, is expanding its meal-kit business to reach 2,000 stores… https://t.co/vyVj6oq1YV",Mon Mar 05 19:57:45 +0000 2018,0.4404,0.196,0.804,0.0
209,CNN,"The number of children admitted to hospitals for opioid overdose has nearly doubled since 2004, according to a new… https://t.co/iyL1gmkxrN",Mon Mar 05 19:46:13 +0000 2018,0.1779,0.137,0.863,0.0
210,CNN,"Police in southwest England say two people are in critical condition and are being treated ""for suspected exposure… https://t.co/TwO8Ny8NGr",Mon Mar 05 19:26:27 +0000 2018,-0.4939,0.0,0.802,0.198
211,CNN,Meet the schoolgirls learning to fight off attackers -- and the schoolboys learning about sexual consent #AsEquals… https://t.co/uFvDz4st3M,Mon Mar 05 19:21:52 +0000 2018,-0.6597,0.082,0.647,0.272
212,CNN,"An online fundraiser for West Virginia teachers on strike had raised more than $225,000 from nearly 5,000 donors as… https://t.co/j9kzdcO67M",Mon Mar 05 19:10:03 +0000 2018,-0.128,0.0,0.927,0.073
213,CNN,Introducing PACIFIC: The newsletter for the Innovation Economy. Sign up today! https://t.co/9kv5PMBajJ https://t.co/moTx9XnyLe,Mon Mar 05 19:00:47 +0000 2018,0.4389,0.194,0.806,0.0
214,CNN,Want to avoid a three-hour drive to the airport in some of India's worst traffic? This airport will fly you to the… https://t.co/GGPpSQHH64,Mon Mar 05 18:51:46 +0000 2018,-0.7184,0.049,0.714,0.237
215,CNN,This may be the scariest thing Donald Trump has said as president | Analysis by @CillizzaCNN https://t.co/Ix6YTEiD5w https://t.co/hZNXTr2q4J,Mon Mar 05 18:16:52 +0000 2018,0.0,0.0,1.0,0.0
216,CNN,President Trump wants to impose a 25% tariff on steel imports and a 10% tariff on aluminum imports. Here's what tha… https://t.co/jrX4ZshL9z,Mon Mar 05 18:05:04 +0000 2018,-0.296,0.0,0.896,0.104
217,CNN,Conservatives -- including House Speaker Paul Ryan -- are striking back after President Trump announced last week h… https://t.co/IdEDoZa58P,Mon Mar 05 17:55:09 +0000 2018,0.0,0.0,1.0,0.0
218,CNN,Amazon is reportedly looking to partner with banking giants JPMorgan Chase and Capital One to offer shoppers Amazon… https://t.co/CTAS4tx0kN,Mon Mar 05 17:45:13 +0000 2018,0.1779,0.086,0.914,0.0
219,CNN,Why Italy won't get the universal income it was promised https://t.co/fMdQQcnVTj https://t.co/Ddj1lqVLCg,Mon Mar 05 17:34:43 +0000 2018,0.3612,0.185,0.815,0.0
220,CNN,"Ben Carson on the Department of Housing and Urban Development: ""There are more complexities here than in brain surg… https://t.co/QwBuw2LhHV",Mon Mar 05 17:22:45 +0000 2018,0.0,0.0,1.0,0.0
221,CNN,President Trump and the first lady welcome Israeli Prime Minister Benjamin Netanyahu and his wife to the White Hous… https://t.co/Ort6jqEuqN,Mon Mar 05 17:10:47 +0000 2018,0.4588,0.136,0.864,0.0
222,CNN,"Common called out President Trump's ""hate"" and the National Rifle Association while performing ""Stand Up for Someth… https://t.co/Yp4BItsgvI",Mon Mar 05 17:01:14 +0000 2018,0.0,0.0,1.0,0.0
223,CNN,West Virginia public school teachers are striking for an eighth day because the state legislature didn't meet their… https://t.co/gtWUDCmPyf,Mon Mar 05 16:45:18 +0000 2018,0.0,0.0,1.0,0.0
224,CNN,No men are allowed on this private island off the coast of Finland https://t.co/yDwTcQQ3i7 https://t.co/jn6qCSIg0u,Mon Mar 05 16:35:04 +0000 2018,-0.296,0.0,0.864,0.136
225,CNN,"When Israeli Prime Minister Benjamin Netanyahu arrives at the White House today, it will be under clouds of controv… https://t.co/VtJSTNnW41",Mon Mar 05 16:26:09 +0000 2018,0.0,0.0,1.0,0.0
226,CNN,Want to avoid a three-hour drive to the airport in some of India's worst traffic? This airport will fly you to the… https://t.co/t4XgGiea66,Mon Mar 05 16:16:55 +0000 2018,-0.7184,0.049,0.714,0.237
227,CNN,RT @CNNMoney: Introducing PACIFIC: The newsletter for the Innovation Economy. Sign up today! https://t.co/8abbJnM7zI,Mon Mar 05 16:01:50 +0000 2018,0.4389,0.182,0.818,0.0
228,CNN,"If a possible mass shooter wants to hone his craft, don't hand him a virtual boot camp | via @CNNopinion… https://t.co/yVJMfProoE",Mon Mar 05 15:55:05 +0000 2018,-0.3875,0.0,0.866,0.134
229,CNN,"Macaulay Culkin says he didn't watch the Oscars, but that didn't stop him from live-tweeting the event… https://t.co/bCrPlhZfq1",Mon Mar 05 15:40:25 +0000 2018,0.3252,0.121,0.879,0.0
230,CNN,Former Trump campaign manager Corey Lewandowksi on abuse allegations against former White House staff secretary Rob… https://t.co/YPu1C4eJv4,Mon Mar 05 15:34:06 +0000 2018,-0.6369,0.0,0.792,0.208
231,CNN,"This college tax credit saved the typical American family $2,277 https://t.co/CaJrR8H9cr https://t.co/ZRLBe38lpI",Mon Mar 05 15:25:05 +0000 2018,0.6597,0.351,0.649,0.0
232,CNN,President Trump accuses the Obama administration of using the investigation into potential ties between his campaig… https://t.co/1Kb0KslBJx,Mon Mar 05 15:16:16 +0000 2018,-0.34,0.0,0.87,0.13
233,CNN,Jailed Russian 'sex coaches' offer to trade election info for US asylum https://t.co/PajAZhzd9U https://t.co/1BzxySrSe1,Mon Mar 05 15:03:04 +0000 2018,-0.4939,0.0,0.802,0.198
234,CNN,"- President Trump, tariffs and NAFTA

- Trump welcomes Israeli PM Netanyahu

- White House press briefing at 2 p.m.… https://t.co/PYfFYHji8Z",Mon Mar 05 14:53:28 +0000 2018,0.4019,0.144,0.856,0.0
235,CNN,No men are allowed on this private island off the coast of Finland https://t.co/TrWRQT6UBQ https://t.co/zkVvKoTY9J,Mon Mar 05 14:42:13 +0000 2018,-0.296,0.0,0.864,0.136
236,CNN,"As the dust settles on Italy's election, there are clear winners and losers, but no clear outcome after a campaign… https://t.co/Nl5LQbvxhQ",Mon Mar 05 14:14:12 +0000 2018,0.5346,0.278,0.576,0.146
237,CNN,RT @CNNweather: We are tracking yet another developing Nor'easter that will impact the Northeast beginning Wednesday. Track the storm here:…,Mon Mar 05 14:05:18 +0000 2018,0.0,0.0,1.0,0.0
238,CNN,A father who lost his daughter in the Florida school shooting says the gun control debate efforts taken up by many… https://t.co/Lxba9Eurgm,Mon Mar 05 14:02:24 +0000 2018,-0.5719,0.0,0.802,0.198
239,CNN,Meet the schoolgirls learning to fight off attackers -- and the schoolboys learning about sexual consent #AsEquals… https://t.co/5t5A4A3aax,Mon Mar 05 13:49:54 +0000 2018,-0.6597,0.082,0.647,0.272
240,CNN,West Virginia public school teachers are striking for an eighth day because the state legislature didn't meet their… https://t.co/Lhr625BusW,Mon Mar 05 13:30:04 +0000 2018,0.0,0.0,1.0,0.0
241,CNN,Pulse shooting survivor writing for @CNNopinion: I am proud of the students who have created a movement… https://t.co/f5ozMbIWrD,Mon Mar 05 13:20:12 +0000 2018,0.765,0.369,0.631,0.0
242,CNN,President Trump dangles the possibility of lifting the new steel and aluminum tariffs he's imposed if NAFTA is rene… https://t.co/fMejmgZssH,Mon Mar 05 13:10:05 +0000 2018,-0.0772,0.0,0.936,0.064
243,CNN,The death toll from the 7.5-magnitude earthquake in Papua New Guinea has risen to 67 https://t.co/bP8iKRetiL https://t.co/ueiUvWYJq4,Mon Mar 05 13:03:06 +0000 2018,-0.5994,0.0,0.804,0.196
244,CNN,"It has taken 101 tournaments over the course of almost five years, but Phil Mickelson is once again a winner on the… https://t.co/6xER9avHhx",Mon Mar 05 12:53:05 +0000 2018,0.7351,0.198,0.802,0.0
245,CNN,"RT @NewDay: Corey Lewandowski: ""If anybody attempted to influence our US election system by coordinating or cooperating with an outside sou…",Mon Mar 05 12:45:51 +0000 2018,0.0,0.0,1.0,0.0
246,CNN,President Trump's turbulent ride speeds up | Analysis by @StCollinson https://t.co/fncDl7jIcE https://t.co/EbQRCSujec,Mon Mar 05 12:43:00 +0000 2018,0.0,0.0,1.0,0.0
247,CNN,"North Korea's leader Kim Jong Un is meeting with a high-ranking South Korean delegation in Pyongyang, according to… https://t.co/kC9eciSdqM",Mon Mar 05 12:30:10 +0000 2018,0.0,0.0,1.0,0.0
248,CNN,New Englanders hit by the weekend's nor'easter will barely have time to clean up before another storm could strike… https://t.co/bqZGGnkYx6,Mon Mar 05 12:20:13 +0000 2018,0.4019,0.124,0.876,0.0
249,CNN,"5 things for Monday:

- Academy Awards
- North and South Korea
- Weather
- Italian elections
- Flu season… https://t.co/nfa84ckAq5",Mon Mar 05 12:10:13 +0000 2018,0.1027,0.161,0.699,0.14
250,CNN,Read Jimmy Kimmel's best jokes and one-liners at the Oscars https://t.co/yYmmwHxMDM https://t.co/MKGCs5sspA,Mon Mar 05 12:00:44 +0000 2018,0.7351,0.383,0.617,0.0
251,CNN,"Common called out President Trump's ""hate"" and the National Rifle Association while performing ""Stand Up for Someth… https://t.co/tevqX77OEX",Mon Mar 05 11:55:05 +0000 2018,0.0,0.0,1.0,0.0
252,CNN,"An inclusion rider, as championed by Frances McDormand, is designed to ""ensure equitable hiring in supportive roles… https://t.co/54hKR3JOUW",Mon Mar 05 11:43:22 +0000 2018,0.7184,0.318,0.682,0.0
253,CNN,"The 2018 Academy Awards, in photos https://t.co/wStIFYlpFs https://t.co/aecRsgV4Ch",Mon Mar 05 11:34:43 +0000 2018,0.4588,0.3,0.7,0.0
254,CNN,Italy is facing a populist uprising after a surge in support for anti-European parties in Sunday's parliamentary el… https://t.co/e76BnLtZWy,Mon Mar 05 11:23:28 +0000 2018,0.6597,0.265,0.735,0.0
255,CNN,No men are allowed on this private island off the coast of Finland https://t.co/L24TeVnsHH https://t.co/STNYoI9L6U,Mon Mar 05 11:15:12 +0000 2018,-0.296,0.0,0.864,0.136
256,CNN,"Senators are considering a bill that would, among other things, ban bump stocks, raise the minimum age to purchase… https://t.co/JjnQxt5Cuo",Mon Mar 05 11:04:07 +0000 2018,-0.5574,0.0,0.833,0.167
257,CNN,"The number of children admitted to hospitals for opioid overdose has nearly doubled since 2004, according to a new… https://t.co/mIe03WHvNT",Mon Mar 05 10:55:44 +0000 2018,0.1779,0.137,0.863,0.0
258,CNN,"We should award a ""best social message"" #Oscar | @CNNOpinion https://t.co/HCF3rTkajW",Mon Mar 05 10:47:39 +0000 2018,0.8271,0.524,0.476,0.0
259,CNN,...and the 56-year-old dress Rita Moreno wore when she won the best supporting actress Oscar in 1962… https://t.co/U7QFpMIf3Z,Mon Mar 05 10:36:32 +0000 2018,0.8957,0.419,0.581,0.0
260,CNN,...glamorous Olympians... https://t.co/8PJFyIbQMG https://t.co/gFFoHdyIbz,Mon Mar 05 10:34:23 +0000 2018,0.0,0.0,1.0,0.0
261,CNN,...all-white looks... https://t.co/8PJFyItrEe https://t.co/ghK4t7LVhN,Mon Mar 05 10:33:33 +0000 2018,0.0,0.0,1.0,0.0
262,CNN,...velvet... https://t.co/8PJFyIbQMG https://t.co/McBb9N6vE1,Mon Mar 05 10:32:30 +0000 2018,0.0,0.0,1.0,0.0
263,CNN,The #Oscars red carpet featured plenty of sparkle... https://t.co/8PJFyIbQMG https://t.co/RTQk9jyCee,Mon Mar 05 10:31:09 +0000 2018,0.0,0.0,1.0,0.0
264,CNN,"The current suicide hotline -- 1-800-273-TALK -- is ""not an intuitive or easy number to remember,"" says Sen. Orrin… https://t.co/BMqeHxC26C",Mon Mar 05 10:22:12 +0000 2018,-0.3182,0.163,0.661,0.175
265,CNN,"""Inclusion"" and ""diversity"" were this year's movie industry buzzwords. But the fact is, most of the Academy Award w… https://t.co/AimButkd4c",Mon Mar 05 10:12:32 +0000 2018,0.5423,0.156,0.844,0.0
266,CNN,"JUST IN: North Korean leader Kim Jong Un is meeting high-ranking South Korean officials in Pyongyang, South Korean… https://t.co/E98Zgd5yeS",Mon Mar 05 10:02:16 +0000 2018,0.0,0.0,1.0,0.0
267,CNN,China plans to boost its military spending by 8.1% in 2018 as it looks to further advance an ambitious modernizatio… https://t.co/eEf2il9ZEy,Mon Mar 05 09:24:55 +0000 2018,0.7003,0.234,0.766,0.0
268,CNN,"The US Embassy in Turkey told American citizens it is closed to the public on Monday because of a ""security threat,… https://t.co/mEr1ZRsLHI",Mon Mar 05 09:14:48 +0000 2018,0.34,0.107,0.893,0.0
269,CNN,"""The Shape of Water"" concludes its award season hot streak with a best picture win https://t.co/QU9LA0Fn5A #Oscars https://t.co/xu1RDswYGw",Mon Mar 05 09:04:24 +0000 2018,0.91,0.451,0.549,0.0
270,CNN,Could Mongolian yak wool be the new cashmere?https://t.co/mdEAGX86Bk https://t.co/DAIenyJrK7,Mon Mar 05 08:52:02 +0000 2018,0.0,0.0,1.0,0.0
271,CNN,The Chinese government announces economic growth target of 6.5% -- several notches below the 6.9% rate at which the… https://t.co/KzLHV6ZF5N,Mon Mar 05 08:36:37 +0000 2018,0.3818,0.12,0.88,0.0
272,CNN,"This little girl was completely awestruck by Michelle Obama's portrait and believes that the former first lady is ""… https://t.co/7Ut6wUv0gE",Mon Mar 05 08:15:04 +0000 2018,0.0,0.0,1.0,0.0
273,CNN,"Sir Roger Bannister, famed for being the first runner to break the four-minute-mile barrier, died on Saturday. He w… https://t.co/0gIEGNtr9c",Mon Mar 05 08:04:24 +0000 2018,-0.6249,0.0,0.779,0.221
274,CNN,"""I want to dedicate this to everyone who let me raise my voice."" Jordan Peele becomes the first black screenwriter… https://t.co/zwEHnz0rjE",Mon Mar 05 07:45:12 +0000 2018,0.0772,0.061,0.939,0.0
275,CNN,"South Africa's health ministry is warning consumers to avoid ""all processed meat products that are sold as ready-to… https://t.co/uX1zaZ5ccz",Mon Mar 05 07:39:49 +0000 2018,-0.5574,0.0,0.787,0.213
276,CNN,"A high-ranking South Korean delegation headed to North Korea on Monday, where they will raise the possibility of ta… https://t.co/O5ttCjMsXl",Mon Mar 05 07:34:29 +0000 2018,0.0,0.0,1.0,0.0
277,CNN,"This little girl was completely awestruck by Michelle Obama's portrait and believes that the former first lady is ""… https://t.co/arjDEpxcMH",Mon Mar 05 07:30:28 +0000 2018,0.0,0.0,1.0,0.0
278,CNN,Italy is facing a populist uprising after a surge in support for anti-European parties in Sunday's parliamentary el… https://t.co/uW1zrBpqlx,Mon Mar 05 07:26:57 +0000 2018,0.6597,0.265,0.735,0.0
279,CNN,"During her acceptance speech, best actress winner Frances McDormand invited all the Oscar-nominated women in the au… https://t.co/hzPUy9qUmK",Mon Mar 05 07:21:47 +0000 2018,0.9001,0.423,0.577,0.0
280,CNN,Syrian President Bashar al-Assad says operations in Eastern Ghouta will continue https://t.co/gCTFkUWHZu https://t.co/utai7jnrUW,Mon Mar 05 07:15:03 +0000 2018,0.0,0.0,1.0,0.0
281,CNN,Keegan-Michael Key cheering for BFF Jordan Peele's Oscar win is friend goals https://t.co/mbSXwmvbJ0 #Oscars https://t.co/JITgEUGF3R,Mon Mar 05 07:10:04 +0000 2018,0.9426,0.576,0.424,0.0
282,CNN,Could Mongolian yak wool be the new cashmere?https://t.co/CAVHzLZ9y1 https://t.co/jQk2KbCXuh,Mon Mar 05 07:00:33 +0000 2018,0.0,0.0,1.0,0.0
283,CNN,"Robin Wright takes the lead in the first trailer for ""House of Cards"" Season 6 https://t.co/KAbkfBSeZP https://t.co/HWAHDUVWQq",Mon Mar 05 07:00:05 +0000 2018,0.0,0.0,1.0,0.0
284,CNN,China's parliament session: Xi Jinping to dominate this year's proceedings as delegates are expected to rubber stam… https://t.co/I2pBKebgkR,Mon Mar 05 06:45:09 +0000 2018,-0.128,0.0,0.919,0.081
285,CNN,What Parkland law enforcement failed to learn from Columbine https://t.co/fDnfh35fJL (via @CNNOpinion) https://t.co/PIEqdXhORU,Mon Mar 05 06:30:10 +0000 2018,-0.5106,0.0,0.784,0.216
286,CNN,"Former Secretary of State Condoleezza Rice says America is ""a country divided"" https://t.co/OKk1mhjkJK https://t.co/2F7qYMtqO1",Mon Mar 05 06:15:08 +0000 2018,0.0,0.0,1.0,0.0
287,CNN,Rita Moreno wears the same dress she wore to the 1962 #Oscars to Sunday's Academy Awards https://t.co/oYBZ7uCbAX https://t.co/lMaXjEljy8,Mon Mar 05 06:00:20 +0000 2018,0.4588,0.15,0.85,0.0
288,CNN,Jet-ski winner Mark Bridges had the best #Oscars night https://t.co/NwjCJIIDG2 https://t.co/XsN13UDfoM,Mon Mar 05 05:45:07 +0000 2018,0.8402,0.471,0.529,0.0
289,CNN,"Of course, the #Oscars have plenty of political moments https://t.co/GYFMXWCtAY https://t.co/jGwGzVHXlV",Mon Mar 05 05:45:05 +0000 2018,0.0,0.0,1.0,0.0
290,CNN,"""We all have stories to tell."" Frances McDormand invites all female Oscar nominees to stand up in an inspiring spee… https://t.co/uW1HsTUca7",Mon Mar 05 05:33:33 +0000 2018,0.4215,0.123,0.877,0.0
291,CNN,Here's a full list of the #Oscars nominees and winners https://t.co/OtXLWPDEUn https://t.co/GjnWZGb7RZ,Mon Mar 05 05:30:14 +0000 2018,0.4767,0.237,0.763,0.0
292,CNN,"The US Embassy in Turkey told American citizens it is closed to the public on Monday because of a ""security threat,… https://t.co/YrRxUJopAF",Mon Mar 05 05:25:06 +0000 2018,0.34,0.107,0.893,0.0
293,CNN,"""The Shape of Water"" concludes its award season hot streak with a best picture win https://t.co/9ykf4rghf3 #Oscars https://t.co/TuZxFqsYUj",Mon Mar 05 05:15:09 +0000 2018,0.91,0.451,0.549,0.0
294,CNN,Jimmy Kimmel's Oscars movie theater stunt was a hit https://t.co/Pham0gw9gS https://t.co/iQeFereksA,Mon Mar 05 05:01:10 +0000 2018,0.0,0.0,1.0,0.0
295,CNN,"""The Shape of Water"" wins as the #Oscars tackle the serious without losing the fun https://t.co/kwI03xWXdE https://t.co/wNXf6PjnLN",Mon Mar 05 05:00:46 +0000 2018,0.4371,0.257,0.568,0.175
296,CNN,China's parliament session: Xi Jinping to dominate this year's proceedings as delegates are expected to rubber stam… https://t.co/fWhZ7hqN6c,Mon Mar 05 04:48:38 +0000 2018,-0.128,0.0,0.919,0.081
297,CNN,JUST IN: “The Shape of Water” wins best picture #Oscars https://t.co/VtISBHbh9z https://t.co/nf9nYZuA6F,Mon Mar 05 04:47:07 +0000 2018,0.836,0.441,0.559,0.0
298,CNN,"These are the 10 activists who were on stage with Common and Andra Day:

? Alice Brown Otter
? Bana Alabed
? Bryan… https://t.co/xUnaYTQXQf",Mon Mar 05 04:35:24 +0000 2018,0.0,0.0,1.0,0.0
299,CNN,"Frances McDormand wins best actress in a leading role for “Three Billboards Outside Ebbing, Missouri” #Oscars… https://t.co/daVIL7NlRL",Mon Mar 05 04:35:08 +0000 2018,0.836,0.361,0.639,0.0
300,FoxNews,"Netanyahu gets VIP treatment from Trump after years of frosty relations with Obama - via @brookefoxnews 
https://t.co/ywpy0DnExy",Mon Mar 05 20:52:47 +0000 2018,0.6166,0.212,0.788,0.0
301,FoxNews,'Let him arrest me': #Trump ex-campaign aide Nunberg says he will refuse Mueller's subpoena https://t.co/ClnS43U5KD,Mon Mar 05 20:50:02 +0000 2018,-0.5574,0.0,0.739,0.261
302,FoxNews,.@PressSec: “[Members of Congress] claim to want to fix DACA. @POTUS laid out a pathway and an exact way to do that… https://t.co/9eg1Wo3YLh,Mon Mar 05 20:35:43 +0000 2018,0.0772,0.058,0.942,0.0
303,FoxNews,".@PressSec: “@POTUS believes in free, fair, &amp; reciprocal trade, &amp; hopes other countries will join him in pursuing t… https://t.co/y3b9MqE3Ov",Mon Mar 05 20:24:27 +0000 2018,0.8625,0.398,0.602,0.0
304,FoxNews,".@PressSec: “These men represent the very best of America, and remind us why it’s so important to make sure our gre… https://t.co/LVJ1lW0nQ7",Mon Mar 05 20:20:09 +0000 2018,0.8465,0.325,0.675,0.0
305,FoxNews,.@PressSec: “The bond between the United States and Israel is the strongest it has ever been.” https://t.co/KgrOPrt8MT,Mon Mar 05 20:13:17 +0000 2018,0.6908,0.275,0.725,0.0
306,FoxNews,Ohio Forklift Driver Who Switched Parties: @POTUS 'Knows What He's Doing' on Tariffs  @ffweekend https://t.co/aTPNtfuKhe,Mon Mar 05 20:04:17 +0000 2018,0.4019,0.162,0.838,0.0
307,FoxNews,".@AriFleischer on @POTUS tariff announcement: ""It really should come as no surprise. He's the boss. He called the s… https://t.co/pnhzTMXdwt",Mon Mar 05 19:43:24 +0000 2018,-0.0258,0.094,0.807,0.099
308,FoxNews,"""Trump created this crisis and Congress has to solve it"" — DACA supporters are blocking streets outside of the… https://t.co/uLyVGuCq7x",Mon Mar 05 19:28:25 +0000 2018,-0.4166,0.238,0.497,0.265
309,FoxNews,"Tennessee grandma brings Doritos bag full of drugs to prison, police say https://t.co/l7qyxoxch5",Mon Mar 05 19:14:26 +0000 2018,-0.5106,0.0,0.784,0.216
310,FoxNews,"Uber, Lyft drivers earn low pay, study says, but Uber slams 'major discrepancy' in methodology https://t.co/AmoYcif4FY (via @christocarbone)",Mon Mar 05 18:55:00 +0000 2018,-0.1901,0.0,0.853,0.147
311,FoxNews,".@RepMattGaetz: “If Jeff Sessions doesn’t want to do the job of attorney general, he should step aside and we shoul… https://t.co/Wu42IZiGDT",Mon Mar 05 18:40:46 +0000 2018,0.0772,0.061,0.939,0.0
312,FoxNews,.@RepMattGaetz: “I am certain that there were senior officials at the Department of Justice and FBI that steered Hi… https://t.co/0DjVQpI4Bi,Mon Mar 05 18:38:58 +0000 2018,0.6705,0.234,0.766,0.0
313,FoxNews,Winter storm may bring over a foot of snow to the Northeast https://t.co/u07dWOiJpv,Mon Mar 05 18:28:48 +0000 2018,0.0,0.0,1.0,0.0
314,FoxNews,.@David_Bossie: “[@realDonaldTrump] works so hard for the American people. He wants the United States to succeed.”… https://t.co/dKBAR6PavD,Mon Mar 05 18:13:56 +0000 2018,0.2344,0.142,0.763,0.095
315,FoxNews,.@David_Bossie: “The American people are sick and tired of this… nearly two year investigation.” #OutnumberedOT https://t.co/6JnhuBykKR,Mon Mar 05 18:07:26 +0000 2018,-0.7351,0.0,0.693,0.307
316,FoxNews,.@greggutfeld: Rehab for Trump-haters in 3 easy steps! https://t.co/6dFj1GXYFW,Mon Mar 05 18:02:57 +0000 2018,0.4926,0.313,0.687,0.0
317,FoxNews,".@POTUS: “Our country, on trade, has been ripped off by virtually every country in the world.” https://t.co/lzNzTwWSum",Mon Mar 05 17:55:21 +0000 2018,0.0,0.0,1.0,0.0
318,FoxNews,.@POTUS on tariffs: “We’re not backing down.” https://t.co/1UvdOhp3yh,Mon Mar 05 17:52:27 +0000 2018,-0.0191,0.0,0.867,0.133
319,FoxNews,.@POTUS: “If we could do peace between Israel and the Palestinians that would be a great thing for the world.” https://t.co/gQOOsqzH6p,Mon Mar 05 17:49:31 +0000 2018,0.8225,0.297,0.703,0.0
320,FoxNews,.@POTUS: “Israel is very special to me.” https://t.co/K5i1TZm9O3,Mon Mar 05 17:47:33 +0000 2018,0.4576,0.3,0.7,0.0
321,FoxNews,".@netanyahu: “Mr. President I just want to say, thank you for your leadership and thank you for your tremendous fri… https://t.co/SPsR8k45yc",Mon Mar 05 17:45:27 +0000 2018,0.6486,0.27,0.73,0.0
322,FoxNews,.@netanyahu: “Iran must be stopped. That is our common challenge.” https://t.co/DKIfnc92gw,Mon Mar 05 17:43:35 +0000 2018,-0.2263,0.0,0.84,0.16
323,FoxNews,".@netanyahu: “This is the first time we meet in Washington, America’s capital, after you declared... Jerusalem as I… https://t.co/eyTeNm1TUP",Mon Mar 05 17:42:30 +0000 2018,0.0,0.0,1.0,0.0
324,FoxNews,".@POTUS: “It’s a great honor to have Prime Minister Netanyahu and Mrs. Netanyahu with us… We have, I would say, pro… https://t.co/IjQNGoFNFf",Mon Mar 05 17:37:49 +0000 2018,0.8074,0.289,0.711,0.0
325,FoxNews,"Utica College on lockdown due to 'credible threat,' officials say https://t.co/MOM2pdqqWA",Mon Mar 05 17:27:58 +0000 2018,0.0,0.0,1.0,0.0
326,FoxNews,"Judicial Watch sues DOJ for Bruce and Nellie Ohr records related to Fusion GPS, anti-Trump dossier - via… https://t.co/4b5nA61Bn4",Mon Mar 05 17:14:39 +0000 2018,0.0,0.0,1.0,0.0
327,FoxNews,President @realDonaldTrump and @FLOTUS Greet Israeli PM @netanyahu and First Lady Sara Netanyahu https://t.co/VllbK9MHFd,Mon Mar 05 17:11:18 +0000 2018,0.3182,0.15,0.85,0.0
328,FoxNews,Awaiting Arrival of Israeli PM @netanyahu and First Lady Sara Netanyahu https://t.co/FVKBXpW3ni,Mon Mar 05 17:02:26 +0000 2018,0.0,0.0,1.0,0.0
329,FoxNews,".@LawrenceBJones3: ""The reality of it is, sometimes trade isn't fair."" https://t.co/8GeOYd3RYj",Mon Mar 05 16:58:45 +0000 2018,0.0,0.0,1.0,0.0
330,FoxNews,".@Richardafowler: “While I don’t agree with this president on much, I do agree with his position on trade.” https://t.co/uSrgIVQ2YD",Mon Mar 05 16:55:55 +0000 2018,0.6124,0.25,0.75,0.0
331,FoxNews,"RT @FoxBusiness: Peter Navarro on tariffs' economic impact: ""The impact of these tariffs from a macroeconomic point of view are zero."" http…",Mon Mar 05 16:39:51 +0000 2018,0.0,0.0,1.0,0.0
332,FoxNews,"RT @FoxBusiness: Peter Navarro on opposition to tariffs: ""If you go to Ohio or Pennsylvania or you go to the heartland of American Main Str…",Mon Mar 05 16:39:43 +0000 2018,0.0,0.0,1.0,0.0
333,FoxNews,"RT @FoxBusiness: Peter Navarro: ""If we don't impose these tariffs, we will lose our aluminum industry within a matter of a few years and ou…",Mon Mar 05 16:39:31 +0000 2018,-0.1808,0.116,0.779,0.105
334,FoxNews,"RT @FoxBusiness: Peter Navarro on tariffs: ""This is what this whole thing is about... it's protecting our national security and economic se…",Mon Mar 05 16:39:22 +0000 2018,0.34,0.103,0.897,0.0
335,FoxNews,West Virginia teacher strike enters eighth day with no end in sight https://t.co/4i4ZvEFm33 #FoxNewsUS (via @christocarbone),Mon Mar 05 16:31:13 +0000 2018,-0.4019,0.0,0.791,0.209
336,FoxNews,Nor'easter uncovers wreck of Revolutionary War-era ship on Maine beach https://t.co/K3xSTF8usY,Mon Mar 05 16:28:53 +0000 2018,-0.4404,0.0,0.775,0.225
337,FoxNews,ISIS uses US Special Forces helmet cam in twisted propaganda video https://t.co/Pk4ptv6qaw,Mon Mar 05 16:10:22 +0000 2018,0.1779,0.184,0.68,0.136
338,FoxNews,"Jimmy Kimmel's 'divisive,' politically charged Oscars could be least watched in history https://t.co/a6x7VfGsKD",Mon Mar 05 15:48:16 +0000 2018,-0.2023,0.0,0.87,0.13
339,FoxNews,"Trump's DACA deadline passes under legal cloud, with urgency dwindling in Congress https://t.co/lptA1Jyseo",Mon Mar 05 15:39:22 +0000 2018,0.128,0.111,0.889,0.0
340,FoxNews,"John McCormack: ""The problem with trade wars… is that they tend to escalate. These wars tend to escalate, they’re n… https://t.co/IxzMeuM4Wf",Mon Mar 05 15:35:28 +0000 2018,-0.743,0.0,0.751,0.249
341,FoxNews,WV Teachers’ Statewide Strike Continues https://t.co/i0Y2lbuBvg https://t.co/xl5aqDdGT1,Mon Mar 05 15:28:24 +0000 2018,-0.128,0.0,0.8,0.2
342,FoxNews,".@Judgenap: “The guilty plea of Richard Gates, Paul Manafort’s business partner… has proven to be a treasure-trove… https://t.co/7Y5XjotPhH",Mon Mar 05 15:14:36 +0000 2018,-0.4215,0.0,0.851,0.149
343,FoxNews,".@michellemalkin: Surrounded by Armed Security, 'Hypocritical' Celebs Lecture America on Guns https://t.co/P5n0XRiu5b",Mon Mar 05 14:50:22 +0000 2018,0.34,0.179,0.821,0.0
344,FoxNews,.@RepRutherfordFL: “Jeff Sessions has a unique opportunity right now as attorney general to change the culture with… https://t.co/vke8OrH9LA,Mon Mar 05 14:49:41 +0000 2018,0.4215,0.149,0.851,0.0
345,FoxNews,.@RepRutherfordFL: “Douglas High School is… an example of how everything can go wrong. Even the good guy with a gun… https://t.co/GDTPmoPQXq,Mon Mar 05 14:47:28 +0000 2018,-0.0516,0.121,0.75,0.129
346,FoxNews,Stocks Open Lower Amid Trade Concerns https://t.co/pRdyOpfhzc,Mon Mar 05 14:32:32 +0000 2018,-0.296,0.0,0.732,0.268
347,FoxNews,Trump: Obama DOJ launched 'unprecedented' probe to 'discredit' him 'so Crooked H would win' https://t.co/NmmVNeHJTt,Mon Mar 05 14:29:49 +0000 2018,0.6771,0.317,0.683,0.0
348,FoxNews,Georgia police rescue fleeing suspect from drainage ditch https://t.co/3WuyGQu2IU,Mon Mar 05 14:06:44 +0000 2018,0.2732,0.264,0.56,0.176
349,FoxNews,"Shootings at Chicago gang members' funerals getting 'out of control', police say https://t.co/VdZ5fbWshu",Mon Mar 05 13:59:35 +0000 2018,-0.3818,0.0,0.822,0.178
350,FoxNews,"Orphaned baby chimp rescued from poacher, snuggles pilot on rescue flight https://t.co/HHC8J8Io14",Mon Mar 05 13:30:14 +0000 2018,0.7269,0.379,0.621,0.0
351,FoxNews,ISIS suspects arrested after US Embassy in Turkey closed due to 'security threat' https://t.co/vsCXqgScyi,Mon Mar 05 13:18:35 +0000 2018,-0.7579,0.113,0.469,0.418
352,FoxNews,"Trump: ‘New and fair’ NAFTA pact only way to stop steel, aluminum tariffs https://t.co/qh5UTsDkRr",Mon Mar 05 13:04:53 +0000 2018,-0.296,0.0,0.855,0.145
353,FoxNews,"Stuart Varney: “The opening gambit from Donald Trump on tariffs is a tough negotiating position, which will be adju… https://t.co/BFx2xTP5Bp",Mon Mar 05 12:58:36 +0000 2018,-0.128,0.0,0.923,0.077
354,FoxNews,.@michellemalkin: “At the end of the day… the number of Americans who are tuning out all of these hypocritical libe… https://t.co/YCS2YQMMnV,Mon Mar 05 12:44:42 +0000 2018,-0.4019,0.056,0.815,0.129
355,FoxNews,.@LannyDavis: “President Trump and I agree on our very poor opinion on Mr. Comey’s judgment.” https://t.co/aWIU8Yg7nK,Mon Mar 05 12:34:23 +0000 2018,-0.2247,0.132,0.688,0.18
356,FoxNews,"Peter Navarro: “This is a great president, doing great things for men and women who work with their hands.” https://t.co/GqM3d4AF6E",Mon Mar 05 12:25:16 +0000 2018,0.8481,0.325,0.675,0.0
357,FoxNews,"Peter Navarro: “All we’re trying to do with our trade policy, is to get a fair and level playing field.” https://t.co/tSyt0uS64D",Mon Mar 05 12:22:42 +0000 2018,0.4767,0.186,0.814,0.0
358,FoxNews,Peter Navarro: “The mission here is to save our aluminum and steel industries for the purposes of preserving our na… https://t.co/0zUBE2k25K,Mon Mar 05 12:18:55 +0000 2018,0.4939,0.138,0.862,0.0
359,FoxNews,"For the first time since the Vietnam War, a U.S. Navy aircraft carrier is paying a visit to a Vietnamese port. The… https://t.co/myZxahCq0l",Mon Mar 05 12:13:18 +0000 2018,-0.5994,0.0,0.83,0.17
360,FoxNews,"Moments ago, President @realDonaldTrump tweeted about NAFTA https://t.co/eHseFuPdiS",Mon Mar 05 12:09:16 +0000 2018,0.0,0.0,1.0,0.0
361,FoxNews,"During his acceptance speech for Best Actor in a Leading Role at the #Oscars, Gary Oldman expressed his gratitude t… https://t.co/eKYPie98Ig",Mon Mar 05 12:00:07 +0000 2018,0.8885,0.382,0.618,0.0
362,FoxNews,Kobe Bryant's Oscar win raises eyebrows on social media on Time's Up-themed night https://t.co/OfLqyPV7dY,Mon Mar 05 11:52:01 +0000 2018,0.5859,0.226,0.774,0.0
363,FoxNews,".@GovMikeHuckabee: “The glorification of murder, the glorification of the misuse of weapons is at the hands of Holl… https://t.co/6I9ZCjYyuK",Mon Mar 05 11:45:46 +0000 2018,-0.3818,0.21,0.524,0.266
364,FoxNews,".@GovMikeHuckabee: “Today the new… direction of the left is: in the name of tolerance, be intolerant.” https://t.co/kcZIigQLMU",Mon Mar 05 11:41:47 +0000 2018,0.296,0.121,0.879,0.0
365,FoxNews,.@GovMikeHuckabee: “For decades I’ve been trying to get music and the arts in public schools.” https://t.co/lZtBjO1Wcq,Mon Mar 05 11:41:23 +0000 2018,0.0,0.0,1.0,0.0
366,FoxNews,"Joel Payne: “You look at this president, he’s failed every test of leadership.” https://t.co/l3Ho698Uoc",Mon Mar 05 11:29:10 +0000 2018,-0.5106,0.0,0.798,0.202
367,FoxNews,"For the first time since the Vietnam War, a U.S. Navy aircraft carrier is paying a visit to a Vietnamese port. The… https://t.co/hh9tAoAOrH",Mon Mar 05 11:26:02 +0000 2018,-0.5994,0.0,0.83,0.17
368,FoxNews,LAPD officer revives 3-week-old baby allegedly slammed on ground by dad: police https://t.co/VkRYgWWfs0,Mon Mar 05 11:19:22 +0000 2018,0.3818,0.178,0.822,0.0
369,FoxNews,U.S. Embassy in Turkey Closed Over Threat https://t.co/IuA4lF9LEm,Mon Mar 05 11:12:24 +0000 2018,-0.5267,0.0,0.673,0.327
370,FoxNews,Jose Aristimuno on the tax cuts: “It’s a scam and it hurts the middle class. It’s a scam. It’s for billionaires and… https://t.co/sGj1GH0wZs,Mon Mar 05 10:54:39 +0000 2018,-0.9136,0.0,0.572,0.428
371,FoxNews,Jose Aristimuno: “We're going to win. We’re going to take back Congress. We have a president with very low approval… https://t.co/gHUJ9CG3IS,Mon Mar 05 10:51:02 +0000 2018,0.3415,0.157,0.744,0.099
372,FoxNews,.@DiamondandSilk: “I understand that people are standing behind the dreamers but I hope they are the American dream… https://t.co/zRlfmAPR6W,Mon Mar 05 10:42:36 +0000 2018,0.5927,0.185,0.815,0.0
373,FoxNews,".@Nigel_Farage: “The European Union, sells itself around the world as being a free-trading organization. Actually,… https://t.co/mJw0KRVOqf",Mon Mar 05 10:38:20 +0000 2018,0.0,0.0,1.0,0.0
374,FoxNews,".@Nigel_Farage: “My suggestion to the unelected, puffed up bureaucrats in Brussels is back down… If you want to tak… https://t.co/Vblv6J5Mlu",Mon Mar 05 10:37:24 +0000 2018,0.0772,0.064,0.936,0.0
375,FoxNews,.@Nigel_Farage: “I would say to the EU: All that Trump has done are the same things that you yourself has done… and… https://t.co/OtJculRCgc,Mon Mar 05 10:30:41 +0000 2018,0.0,0.0,1.0,0.0
376,FoxNews,Chuck Rocha on DACA: “We shouldn’t be playing politics with people’s lives.” https://t.co/U32xFgVLHB,Mon Mar 05 10:19:00 +0000 2018,0.2023,0.13,0.87,0.0
377,FoxNews,Syrian army makes 'significant' advances in Damascus' suburb https://t.co/my1rIZcve4,Mon Mar 05 10:00:00 +0000 2018,0.0,0.0,1.0,0.0
378,FoxNews,FREEDOM FLIGHT: A baby chimpanzee is getting a second chance at life after being stolen from her mother and found l… https://t.co/vzm4W8aGUa,Mon Mar 05 09:52:00 +0000 2018,0.5766,0.256,0.627,0.118
379,FoxNews,".@TGowdySC: ""I want to know everything that happened in 2016, and whether Andy McCabe was leaking for or against… https://t.co/qXuaQ6wEt9",Mon Mar 05 09:42:00 +0000 2018,0.0772,0.064,0.936,0.0
380,FoxNews,OPINION: Churchill's 'Iron Curtain' speech as prophetic -- and chilling -- today as it was 72 years ago (via… https://t.co/DZQMWR9RDr,Mon Mar 05 09:35:00 +0000 2018,-0.0258,0.0,0.945,0.055
381,FoxNews,NFL's Aldon Smith posts cryptic photo while being sought by police https://t.co/cJGZ1rTz18,Mon Mar 05 09:34:27 +0000 2018,0.0,0.0,1.0,0.0
382,FoxNews,"John Fund on Pennsylvania special election: ""These moderate Democrats are basically being run out of the party. Whe… https://t.co/aFfpA5xvWo",Mon Mar 05 09:30:00 +0000 2018,0.6597,0.241,0.759,0.0
383,FoxNews,"White House trade adviser Navarro backs steel tariffs, downplays rumors about Cohn leaving https://t.co/aNorlbCvnN",Mon Mar 05 09:25:00 +0000 2018,-0.0516,0.0,0.915,0.085
384,FoxNews,".@Kathy4Truth: ""No one cares about Russia except for Democrats and Russians."" https://t.co/N6duRRlZuC",Mon Mar 05 09:15:00 +0000 2018,0.2023,0.197,0.658,0.145
385,FoxNews,"As tariff battle heats up, #Trump says US steel, aluminum industries 'dead' https://t.co/zICZNhpRvt https://t.co/9JrUxflyhz",Mon Mar 05 09:10:03 +0000 2018,-0.3818,0.0,0.833,0.167
386,FoxNews,"Washington student detailed 'mass murder' plot at high school in journal, officials say https://t.co/BgiY5YF7fI",Mon Mar 05 09:10:00 +0000 2018,-0.6908,0.0,0.734,0.266
387,FoxNews,Welcome snow slows California's plunge back to drought https://t.co/FrIRQhcOKN,Mon Mar 05 09:05:01 +0000 2018,0.4588,0.273,0.727,0.0
388,FoxNews,".@DevinNunes on House Intelligence Committee: ""This is the first time in a long time where you've seen Congress rea… https://t.co/1qiPNcZElm",Mon Mar 05 08:59:00 +0000 2018,0.4767,0.147,0.853,0.0
389,FoxNews,"On @foxandfriends, forklift driver and former lifelong Democrat-turned-@realDonaldTrump supporter Geno DiFabio prai… https://t.co/1IS3W3hmdA",Mon Mar 05 08:53:00 +0000 2018,0.2732,0.149,0.851,0.0
390,FoxNews,".@KatrinaPierson: ""There are no boundaries at the level and the extent that they will go to to smear this President… https://t.co/p51R3CR741",Mon Mar 05 08:49:00 +0000 2018,-0.5719,0.0,0.802,0.198
391,FoxNews,"A  weekend nor’easter brought damaging high tides, flooding and power outages to the New England area. Thrashing wa… https://t.co/7d7V3ceLyT",Mon Mar 05 08:45:00 +0000 2018,-0.5106,0.0,0.837,0.163
392,FoxNews,Invasive rodent threatens California wetlands and there's talk about eating them https://t.co/CEg1KgBtUp,Mon Mar 05 08:40:00 +0000 2018,-0.3818,0.0,0.809,0.191
393,FoxNews,".@DevinNunes on FISA abuse: ""The [FISA] court was never told that the Democratic Party and the @HillaryClinton camp… https://t.co/GJ601IPUks",Mon Mar 05 08:35:00 +0000 2018,-0.3612,0.113,0.711,0.176
394,FoxNews,"White House condemns Syria slaughter backed by Russia, Iran https://t.co/A3gRoA7zdK",Mon Mar 05 08:30:00 +0000 2018,-0.4939,0.089,0.645,0.266
395,FoxNews,".@David_Bossie on @realDonaldTrump's first year: ""He's in a fight every day with the swamp and when you're draining… https://t.co/HJXB86daOU",Mon Mar 05 08:25:00 +0000 2018,-0.3818,0.0,0.867,0.133
396,FoxNews,"Amber Tamblyn says driver tried to hit her, baby, in Brooklyn https://t.co/9vjkKejlUl https://t.co/8EF1WtFnkB",Mon Mar 05 08:20:00 +0000 2018,0.0,0.0,1.0,0.0
397,FoxNews,".@RepTimRyan on his book 'The Real Food Revolution': ""There's a lot of people in our country that just aren't eatin… https://t.co/4QnxqNC4EW",Mon Mar 05 08:15:00 +0000 2018,0.0,0.0,1.0,0.0
398,FoxNews,".@JudgeJeanine on @HillaryClinton: ""Unlike Obama who reduced our military every chance he could, Donald Trump has c… https://t.co/HMIF8EFmzI",Mon Mar 05 08:10:00 +0000 2018,0.25,0.105,0.895,0.0
399,FoxNews,".@RepMattGaetz: ""It’s absolutely time for Jeff Sessions to either appoint a second special counsel… or have someone… https://t.co/p0boaM2w4d",Mon Mar 05 08:05:00 +0000 2018,0.4019,0.144,0.856,0.0
400,nytimes,"Watch: This year's Academy Awards were dominated by calls for more diversity and inclusivity for women, people of c… https://t.co/D9C4rEGRAV",Mon Mar 05 21:00:21 +0000 2018,0.4588,0.136,0.864,0.0
401,nytimes,"RT @nytpolitics: Sam Nunberg, a former Trump campaign aide who recently met with Robert Mueller's investigators, said he was subpoenaed to…",Mon Mar 05 20:52:50 +0000 2018,0.0,0.0,1.0,0.0
402,nytimes,"We dive into the scary, morally dubious world of ""deepfakes,"" A.I.-manipulated videos that can be used to face-swap… https://t.co/aSxU8RL4WP",Mon Mar 05 20:45:08 +0000 2018,-0.6908,0.0,0.749,0.251
403,nytimes,"Within hours, a workman wielding a sledgehammer and crowbar pried the silver letters T-R-U-M-P off the sign at the… https://t.co/coIF4qa2Yo",Mon Mar 05 20:34:52 +0000 2018,0.0,0.0,1.0,0.0
404,nytimes,"New York has set records on affordable housing, funding it at a breakneck pace. But President Trump’s tax policies… https://t.co/DhiamuN6r3",Mon Mar 05 20:30:26 +0000 2018,0.0,0.0,1.0,0.0
405,nytimes,"Our critics @ManohlaDargis, @AOScott and @Wesley_Morris discussed how the Oscars were actually in tune with these p… https://t.co/XtnmSHpW7h",Mon Mar 05 20:22:04 +0000 2018,-0.296,0.0,0.885,0.115
406,nytimes,"His incitements have earned him many admirers within the art world, but Pope.L has remained at the periphery of fam… https://t.co/Nbfoc4mGtn",Mon Mar 05 20:15:06 +0000 2018,0.2144,0.085,0.915,0.0
407,nytimes,A winter comfort classic https://t.co/JcQmIFQGG8 https://t.co/1GyC5yRdvE,Mon Mar 05 20:00:40 +0000 2018,0.3612,0.385,0.615,0.0
408,nytimes,"A new type of legal dispute has emerged among divorced parents: should a child be allowed to play football, or is i… https://t.co/UxPYgfhoSm",Mon Mar 05 19:52:04 +0000 2018,0.0516,0.159,0.732,0.11
409,nytimes,"In accepting his Oscar, Kobe Bryant said: “As basketball players we’re supposed to shut up and dribble. I’m glad we… https://t.co/QtBQScDEx9",Mon Mar 05 19:45:04 +0000 2018,0.6808,0.228,0.772,0.0
410,nytimes,"Days after Bill de Blasio’s pick for New York schools chief backed out on live TV, the mayor named a new choice: th… https://t.co/WvTUyYqATr",Mon Mar 05 19:39:39 +0000 2018,0.0258,0.048,0.952,0.0
411,nytimes,"In Opinion

Op-Ed contributor Stoya writes, ""We can hide our heads in the sand, or we can tackle the job of underst… https://t.co/81ce5FROrQ",Mon Mar 05 19:37:04 +0000 2018,-0.1779,0.0,0.928,0.072
412,nytimes,"Prime Minister Benjamin Netanyahu of Israel lavished praise on Trump for the Jerusalem decision, comparing him to 3… https://t.co/JUOe3W7HMY",Mon Mar 05 19:30:19 +0000 2018,0.5574,0.167,0.833,0.0
413,nytimes,"? x 1.5 million! “It’s always good news when you find new penguins."" https://t.co/JDJb3Hu3XZ",Mon Mar 05 19:22:08 +0000 2018,0.4926,0.225,0.775,0.0
414,nytimes,"As Russia has ramped up its nuclear arsenal and cyberweapons, the U.S. has done little in response, reflecting a st… https://t.co/PyRIwZvJ5o",Mon Mar 05 19:15:05 +0000 2018,0.0,0.0,1.0,0.0
415,nytimes,"First Ray, then Patsy, now Joe. After a period of peace, another pizza war has broken out in New York City. https://t.co/oJ8VVXGhAU",Mon Mar 05 19:07:06 +0000 2018,-0.5423,0.123,0.632,0.246
416,nytimes,"The 21st-century Chelsea has embraced short-termism, and thrived because of it. It does, though, come at a cost. https://t.co/QcWOWKkWQr",Mon Mar 05 19:00:30 +0000 2018,0.0,0.0,1.0,0.0
417,nytimes,RT @KirkSemple: Trump sign coming down at Trump Hotel in Panama https://t.co/jDBJB55bKG,Mon Mar 05 18:57:06 +0000 2018,0.0,0.0,1.0,0.0
418,nytimes,"Two years before Dr. Larry Nassar was charged with abuse of gymnasts, a local prosecutor's office passed on charges… https://t.co/HcCc4iUYId",Mon Mar 05 18:52:05 +0000 2018,-0.7184,0.0,0.739,0.261
419,nytimes,"“Immigrants are the perfect scapegoat for all manner of angst, both economic and cultural, and very easy fertile gr… https://t.co/PVv4TUnk2R",Mon Mar 05 18:45:12 +0000 2018,0.6361,0.259,0.639,0.102
420,nytimes,"Zagat is being sold again. Google, which bought the restaurant review company several years ago, will sell it to a… https://t.co/DrXhQLX8U4",Mon Mar 05 18:30:30 +0000 2018,0.0,0.0,1.0,0.0
421,nytimes,Few would have guessed that Kellyanne Conway would be the one hanging on as other high-profile aides pull their rip… https://t.co/KfT7jKYEtK,Mon Mar 05 18:15:18 +0000 2018,0.0,0.0,1.0,0.0
422,nytimes,Most of the big winners of the Oscars are already streaming. Here’s where to see them and why. https://t.co/aCHOswJlSv,Mon Mar 05 18:07:10 +0000 2018,0.4767,0.147,0.853,0.0
423,nytimes,The new owner of a Trump hotel in Panama who wants the Trump brand gone declared victory today. Here's our story on… https://t.co/yXpI3Wgy1U,Mon Mar 05 18:00:04 +0000 2018,0.0,0.0,1.0,0.0
424,nytimes,"Speaker Paul Ryan criticized President Trump’s proposed tariffs, saying they could lead to a damaging trade war https://t.co/VWcTFAErDz",Mon Mar 05 17:52:04 +0000 2018,-0.8658,0.0,0.591,0.409
425,nytimes,"Before Philando Castile was shot by a police officer, he was the school nutrition worker who often swooped in to pa… https://t.co/TXaLJMIA7b",Mon Mar 05 17:45:07 +0000 2018,0.0,0.0,1.0,0.0
426,nytimes,"RT @kevinroose: Thousands of engineers and PhDs spent decades developing powerful A.I. and neural networks, all so that I could turn myself…",Mon Mar 05 17:40:54 +0000 2018,0.4215,0.123,0.877,0.0
427,nytimes,RT @KirkSemple: Majority owner of Trump Hotel in Panama declares victory against the Trumps in struggle for the property’s control and play…,Mon Mar 05 17:37:03 +0000 2018,-0.3182,0.0,0.901,0.099
428,nytimes,"In Opinion 

Op-Ed contributor Bethany Mandel writes, ""For many, support for gun rights is motivated precisely by o… https://t.co/4wfhcM5wFn",Mon Mar 05 17:30:27 +0000 2018,0.5106,0.237,0.664,0.1
429,nytimes,President Trump used his newly announced steel and aluminum tariffs to threaten 2 of the U.S.’s closest trading par… https://t.co/Eqsz34rbAa,Mon Mar 05 17:24:15 +0000 2018,-0.3818,0.0,0.874,0.126
430,nytimes,"In search of reasonable rent, the middle-class backbone of San Francisco — maitre d’s, teachers, bookstore managers… https://t.co/KVQElSUUOL",Mon Mar 05 17:15:03 +0000 2018,0.0,0.0,1.0,0.0
431,nytimes,A look at the most memorable moments — for better or for worse — at the Oscars https://t.co/ERhp4jXiPu,Mon Mar 05 17:00:25 +0000 2018,-0.0516,0.153,0.684,0.163
432,nytimes,"History is full of movements led by students. Some were successful and others brutally crushed, but even the latter… https://t.co/wnMnumG48N",Mon Mar 05 16:52:11 +0000 2018,-0.25,0.101,0.714,0.185
433,nytimes,"Condom use, bondage, dirty talk, sexting: an app lets users set their boundaries before an encounter https://t.co/zYsWrQBb5Q",Mon Mar 05 16:45:08 +0000 2018,-0.4404,0.0,0.847,0.153
434,nytimes,Fashion played an anonymous role at the Oscars so that the people — namely the women — could shine https://t.co/e5jV6SMJl3,Mon Mar 05 16:30:29 +0000 2018,0.34,0.124,0.876,0.0
435,nytimes,RT @EricLiptonNYT: This scene is unfolding today at Trump Hotel in Panama. NYT has a reporter in the lobby. https://t.co/jaz00lZEc9,Mon Mar 05 16:23:01 +0000 2018,0.0258,0.058,0.942,0.0
436,nytimes,"“There are more complexities here than in brain surgery,” Ben Carson. “Doing this job is going to be a very intrica… https://t.co/lzlxuzT8pc",Mon Mar 05 16:15:09 +0000 2018,0.0,0.0,1.0,0.0
437,nytimes,"In a haunting conversation, 6 teenagers who survived the Florida shooting talk about the day their childhood ended https://t.co/2lL3bPABnK",Mon Mar 05 16:00:44 +0000 2018,0.296,0.162,0.735,0.103
438,nytimes,An escort said she had more than 16 hours of audio recordings that could help shed light on Russian meddling in U.S… https://t.co/YGjKxvNSH7,Mon Mar 05 15:50:24 +0000 2018,0.4019,0.109,0.891,0.0
439,nytimes,"Jimmy Kimmel threw barbs at Harvey Weinstein, President Trump and Mike Pence https://t.co/WuTFHnqCkh",Mon Mar 05 15:45:11 +0000 2018,0.0,0.0,1.0,0.0
440,nytimes,Here’s what you need to know to start your day https://t.co/AVyWmPb7eA,Mon Mar 05 15:30:17 +0000 2018,0.0,0.0,1.0,0.0
441,nytimes,Photos from the Oscars red carpet https://t.co/ij9Qo9odUC https://t.co/fZGNGbs5lh,Mon Mar 05 15:15:07 +0000 2018,0.0,0.0,1.0,0.0
442,nytimes,Anti-immigrant and anti-establishment anger appeared to pay off for populist forces in Italy's election https://t.co/m8r7aUey3l,Mon Mar 05 15:00:11 +0000 2018,-0.6249,0.0,0.718,0.282
443,nytimes,"“The Shape of Water” won best picture at an Oscars ceremony that touched on politics, diversity and the #MeToo move… https://t.co/4LAUIooSJy",Mon Mar 05 14:45:09 +0000 2018,0.836,0.294,0.706,0.0
444,nytimes,South Korean envoys met North Korea's leader to help kick-start a dialogue between the North and the United States https://t.co/uMJgvIg5pg,Mon Mar 05 14:35:07 +0000 2018,0.6705,0.244,0.756,0.0
445,nytimes,"Around the world, parents have preferred to have sons more than daughters. In America, there are signs that’s chang… https://t.co/MEdReaRrRc",Mon Mar 05 14:20:07 +0000 2018,0.0,0.0,1.0,0.0
446,nytimes,"Lupita Nyong'o: ""We are dreamers. We grew up dreaming of one day working in movies. Dreams are the foundation of Ho… https://t.co/kpxUHTLF75",Mon Mar 05 14:10:02 +0000 2018,0.4019,0.114,0.886,0.0
447,nytimes,Opioids are not America’s only significant drug problem. Cocaine is the No. 2 killer and claims more lives than her… https://t.co/tUthIPicim,Mon Mar 05 13:55:01 +0000 2018,-0.8687,0.0,0.597,0.403
448,nytimes,Tiffany Haddish and Maya Rudolph brought some pointed (and hilarious) satire to the stage while presenting awards.… https://t.co/SaFAhfid7V,Mon Mar 05 13:40:11 +0000 2018,0.0,0.0,1.0,0.0
449,nytimes,"Is Phillip Picardi, a former intern who now heads up Teen Vogue, the future of Condé Nast? Anna Wintour seems to th… https://t.co/eoE7m8DLIv",Mon Mar 05 13:30:03 +0000 2018,0.0,0.0,1.0,0.0
450,nytimes,"Jimmy Kimmel threw barbs at Harvey Weinstein, President Trump and Mike Pence https://t.co/WAlXzAl9gR",Mon Mar 05 13:25:06 +0000 2018,0.0,0.0,1.0,0.0
451,nytimes,"RT @mikiebarb: On today’s Daily: a haunting conversation between six 14-year old girls who survived the shooting at Stoneman Douglas, as th…",Mon Mar 05 13:13:07 +0000 2018,0.296,0.135,0.779,0.086
452,nytimes,Here’s what you need to know to start your day https://t.co/DWnDUCOJEm,Mon Mar 05 13:10:06 +0000 2018,0.0,0.0,1.0,0.0
453,nytimes,One famous designer chair is oozing goop. Another has exploded into puffs of foam. A bookcase’s shelves bubbled as… https://t.co/H6Jsl5wpsP,Mon Mar 05 12:56:44 +0000 2018,0.0,0.0,1.0,0.0
454,nytimes,Photos from the Oscars red carpet https://t.co/GcITTAEbPw https://t.co/i6Metlxvc6,Mon Mar 05 12:40:13 +0000 2018,0.0,0.0,1.0,0.0
455,nytimes,The complete list of winners at the 2018 Oscars https://t.co/zeNmUhcvHV,Mon Mar 05 12:22:02 +0000 2018,0.4767,0.256,0.744,0.0
456,nytimes,The Cycling Panther of Paris’s Fitness Studios https://t.co/0ti2DbuDv2,Mon Mar 05 11:50:09 +0000 2018,0.2732,0.231,0.769,0.0
457,nytimes,Personal Health: Jane Brody’s Personal Secrets to Lasting Weight Loss https://t.co/ULaVKQ43WD,Mon Mar 05 11:41:27 +0000 2018,-0.3182,0.0,0.813,0.187
458,nytimes,"“I don’t think it is the worst hotel in the world,” says Kosovo’s president of his capital’s Grand Hotel. “But that… https://t.co/lyf1M6stR6",Mon Mar 05 11:26:47 +0000 2018,-0.2732,0.111,0.738,0.151
459,nytimes,"The State Department was granted $120 million to fight Russian meddling. It has spent $0.
https://t.co/omgJPpXNzq",Mon Mar 05 11:10:08 +0000 2018,-0.1531,0.108,0.753,0.14
460,nytimes,Op-Ed Columnist: Letting Teenagers Live https://t.co/3XRqxbZP1X,Mon Mar 05 11:00:40 +0000 2018,0.0,0.0,1.0,0.0
461,nytimes,The E! red carpet show at the Oscars felt as though it was on the brink of blowing up at a moment’s notice https://t.co/RY9QEeG75C,Mon Mar 05 10:44:06 +0000 2018,0.0,0.0,1.0,0.0
462,nytimes,"A ""school resource officer"" is an unusual hybrid of counselor, educator and cop. Perhaps no other job better person… https://t.co/VHVRQ9zPan",Mon Mar 05 10:15:55 +0000 2018,0.1779,0.131,0.769,0.1
463,nytimes,"It's already one of the most endangered creatures on earth, and all indications are its situation is rapidly gettin… https://t.co/P3yjaae8iu",Mon Mar 05 09:59:37 +0000 2018,0.0,0.0,1.0,0.0
464,nytimes,Trauma surgeons recount the horror of assault weapons: “You will see multiple organs shattered. The exit wounds can… https://t.co/4FgnOOj8ek,Mon Mar 05 09:41:27 +0000 2018,-0.946,0.0,0.462,0.538
465,nytimes,"In the past 30 years, only 4 movies were named best picture while topping the box office charts https://t.co/bH0SVPdnbA",Mon Mar 05 09:22:52 +0000 2018,0.6369,0.198,0.802,0.0
466,nytimes,There is no simple answer to what happened to Nakesha Williams — a life of spectacular promise undone by mental ill… https://t.co/aTfkQY12Ao,Mon Mar 05 09:04:54 +0000 2018,0.0258,0.102,0.8,0.098
467,nytimes,"Unsealing the will of Harper Lee, signed just days before her death, was supposed to answer questions. It has only… https://t.co/fFPNujReh6",Mon Mar 05 08:47:08 +0000 2018,-0.5994,0.0,0.837,0.163
468,nytimes,"Adam Rippon wore a harness to the Oscars, breaking the red carpet mold https://t.co/COQOgTbUHK https://t.co/mWXsHTMLIN",Mon Mar 05 08:29:36 +0000 2018,0.0,0.0,1.0,0.0
469,nytimes,Rita Moreno wore her 1962 Oscars dress to the 2018 Oscars. Recycling has never looked more elegant. https://t.co/1U0AWTyBKj,Mon Mar 05 08:12:05 +0000 2018,-0.4158,0.0,0.86,0.14
470,nytimes,"The Oscars really wanted to avoid another ""La La Land"" mix-up. Just look at the font on the envelopes. https://t.co/JlNYO6Qdis",Mon Mar 05 07:54:44 +0000 2018,-0.3535,0.0,0.885,0.115
471,nytimes,"""It’s really easy to play into this narrative that millennials are doing everything wrong and they’re not planning,… https://t.co/pS00Xh3ku4",Mon Mar 05 07:38:10 +0000 2018,0.4131,0.235,0.641,0.124
472,nytimes,"""One wrestler provoked me by leaving a comment on my Instagram, but when I later wrestled him in a state tournament… https://t.co/82KeWiuSKj",Mon Mar 05 07:21:17 +0000 2018,-0.1406,0.0,0.921,0.079
473,nytimes,Photos from the Oscars red carpet https://t.co/ziMJ9H5Qk7 https://t.co/dU4d0BcRKY,Mon Mar 05 07:04:04 +0000 2018,0.0,0.0,1.0,0.0
474,nytimes,The pressure is mounting on Nigerian President Muhammadu Buhari to step down after his first term expires next year https://t.co/3PjU4OuzDs,Mon Mar 05 06:40:22 +0000 2018,-0.296,0.0,0.896,0.104
475,nytimes,"Fashion played an anonymous role at the 2018 Academy Awards so that the people, namely the women, could shine https://t.co/TgTgUfsr7A",Mon Mar 05 06:25:09 +0000 2018,0.6597,0.231,0.769,0.0
476,nytimes,Critic’s Notebook: Some Self-Examination Among the Oscars’ Self-Celebration https://t.co/Va71mQM06d,Mon Mar 05 05:55:38 +0000 2018,0.0,0.0,1.0,0.0
477,nytimes,"RT @caraNYT: ""Am I about to auctioned off right now?"" Jordan Peele, facing a sea of journalists backstage at the Oscars: We raise numbers,…",Mon Mar 05 05:49:19 +0000 2018,0.0,0.0,1.0,0.0
478,nytimes,"For Roger Deakins, the 14th time was the charm https://t.co/fbSsBGx17O",Mon Mar 05 05:43:02 +0000 2018,0.4019,0.231,0.769,0.0
479,nytimes,South Korean Envoys Fly to North Korea to Meet Kim Jong-un https://t.co/DA6h9wOuNa,Mon Mar 05 05:37:24 +0000 2018,0.0,0.0,1.0,0.0
480,nytimes,Europe saw Xi Jinping as a hedge against President Trump. Not anymore. https://t.co/rOWT9J3gIx,Mon Mar 05 05:28:03 +0000 2018,0.0,0.0,1.0,0.0
481,nytimes,"Is it too early to nominate Tiffany Haddish and Maya Rudolph for hosts of the 2019 Oscars?
 https://t.co/6L9Y5t0oM9",Mon Mar 05 05:13:06 +0000 2018,0.0,0.0,1.0,0.0
482,nytimes,"The Oscars ""offered a little more self-examination than usual among the self-congratulation,"" @poniewozik writes https://t.co/5fC5PkW1ZP",Mon Mar 05 05:03:03 +0000 2018,0.0,0.0,1.0,0.0
483,nytimes,RT @emilysteel: Frances McDormand to all the women nominees she asked to stand: We all have stories we need to tell and projects we need fi…,Mon Mar 05 04:57:21 +0000 2018,0.0,0.0,1.0,0.0
484,nytimes,"RT @jodikantor: The most striking thing, here in the room, about watching the female nominees stand? There were so few of them.",Mon Mar 05 04:53:15 +0000 2018,0.0,0.0,1.0,0.0
485,nytimes,The complete list of winners at the 2018 Oscars https://t.co/rkHd3M7w0K,Mon Mar 05 04:48:32 +0000 2018,0.4767,0.256,0.744,0.0
486,nytimes,[waiting to see if Jimmy Kimmel comes out with a correction before we tweet anything more definitive] https://t.co/Sv97JbSs7c,Mon Mar 05 04:47:35 +0000 2018,0.0,0.0,1.0,0.0
487,nytimes,"The Oscars really wanted to avoid another ""La La Land"" mix-up. Just look at the font on the envelopes. https://t.co/ZwaxNsPivd",Mon Mar 05 04:46:12 +0000 2018,-0.3535,0.0,0.885,0.115
488,nytimes,"""The Shape of Water"" just won best picture at the Oscars https://t.co/K7OJou3PQJ",Mon Mar 05 04:45:52 +0000 2018,0.836,0.441,0.559,0.0
489,nytimes,"A running list of Oscar winners so far, including Frances McDormand, Allison Janney and Jordan Peele https://t.co/24siS9Imb5",Mon Mar 05 04:40:37 +0000 2018,0.4767,0.171,0.829,0.0
490,nytimes,"Frances McDormand, after asking female Oscar nominees to stand: ""Look around, ladies and gentlemen, because we all… https://t.co/iWsTXQk0f2",Mon Mar 05 04:37:29 +0000 2018,0.0,0.0,1.0,0.0
491,nytimes,"“Ms. McDormand certainly makes the most of the tirade machine Mr. McDonagh has built for her”
—@Wesley_Morris, on “… https://t.co/BbR37H41pM",Mon Mar 05 04:34:38 +0000 2018,0.34,0.112,0.888,0.0
492,nytimes,"At 60, Frances McDormand has become an unconventional star. From @nytmag in 2017: https://t.co/KtEJo7wuYb",Mon Mar 05 04:33:49 +0000 2018,0.0,0.0,1.0,0.0
493,nytimes,"Gary Oldman, who just won an Oscar for his role in “Darkest Hour”: “The Churchill I saw and I discovered had charm” https://t.co/hSrz2qqlif",Mon Mar 05 04:24:40 +0000 2018,0.5719,0.156,0.844,0.0
494,nytimes,"“The changes we are witnessing are being driven by the powerful sound of new voices, of different voices, of our vo… https://t.co/EYUsEUVMz1",Mon Mar 05 04:20:34 +0000 2018,0.4215,0.118,0.882,0.0
495,nytimes,"Guillermo del Toro just won the Oscar for best director for ""The Shape of Water"" https://t.co/XU6Jaq9qNi",Mon Mar 05 04:14:52 +0000 2018,0.836,0.361,0.639,0.0
496,nytimes,"The State Department was granted $120 million to fight Russian meddling. It has spent $0.
https://t.co/NOjspSCl51",Mon Mar 05 04:07:54 +0000 2018,-0.1531,0.108,0.753,0.14
497,nytimes,"RT @nytimesES: ? “Recuérdame hoy me tengo que ir mi amor
Recuérdame, no llores por favor
Te llevo en mi corazón y cerca me tendrás
A solas…",Mon Mar 05 04:04:11 +0000 2018,0.6705,0.224,0.702,0.074
498,nytimes,Reminder: The best song Oscars category has always been a curious creature https://t.co/bEmmTNirny,Mon Mar 05 04:02:01 +0000 2018,0.7579,0.394,0.606,0.0
499,nytimes,"A running list of Oscar winners so far, including Jordan Peele https://t.co/Pqxci8UTEe",Mon Mar 05 03:56:46 +0000 2018,0.4767,0.237,0.763,0.0
